Event start;Flight date;Event stop;Flight latitude;Flight longitude;Flight altitude (ft);Flight altitude (m);Station latitude;Station longitude;Station altitude (ft);Station altitude (ft);Distance (ft);Distance (m);Code HEX;Flight;Speed (NM);Speed (km/h);Heading;Station location;Source;FR24 link;FlightStats link;FlightAware link
2015-06-08 16:09:00;2015-06-08 16:09:00;2015-06-08 16:09:34;-23,611807;-46,66702;3525;1074;-32,543654;-46,659445;790;2591;933;284;E47BAB;GOL1532 ;166;307;327;P7IBIRAPUERA;DUO trigger code 4;http://fr24.com/GOL1532;http://www.flightstats.com/go/FlightStatus/flightStatusByFlight.do?flightNumber=GOL1532;http://flightaware.com/live/flight/GOL1532
2015-06-08 16:09:00;2015-06-08 16:09:00;2015-06-08 16:09:34;-23,611807;-46,66702;3525;1074;-32,543654;-46,659445;790;2591;933;284;E47BAB;GOL1532 ;166;307;327;P7IBIRAPUERA;DUO trigger code 4;http://fr24.com/GOL1532;http://www.flightstats.com/go/FlightStatus/flightStatusByFlight.do?flightNumber=GOL1532;http://flightaware.com/live/flight/GOL1532
2015-06-08 16:13:00;2015-06-08 16:13:00;2015-06-08 16:13:33;-23,590253;-46,542905;14100;4297;-32,543654;-46,659445;790;2591;11508;3507;E4833A;;364;674;250;P7IBIRAPUERA;DUO trigger code 4;;;
2015-06-08 16:13:00;2015-06-08 16:13:00;2015-06-08 16:13:33;-23,590253;-46,542905;14100;4297;-32,543654;-46,659445;790;2591;11508;3507;E4833A;;364;674;250;P7IBIRAPUERA;DUO trigger code 4;;;
2015-06-08 16:15:00;2015-06-08 16:15:00;2015-06-08 16:15:34;-23,601612;-46,676711;3875;1181;-43,765098;-46,659557;802;2631;1243;379;E48274;;177;327;311;P5IBIRAPUERA;DUO trigger code 6;;;
2015-06-08 16:16:00;2015-06-08 16:16:00;2015-06-08 16:16:34;-23,598028;-46,702207;4650;1417;-32,543654;-46,659445;790;2591;2058;627;E48274;TAM3015 ;260;481;247;P7IBIRAPUERA;DUO trigger code 4;http://fr24.com/TAM3015;http://www.flightstats.com/go/FlightStatus/flightStatusByFlight.do?flightNumber=TAM3015;http://flightaware.com/live/flight/TAM3015
2015-06-08 16:16:00;2015-06-08 16:16:00;2015-06-08 16:16:34;-23,598028;-46,702207;4650;1417;-32,543654;-46,659445;790;2591;2058;627;E48274;TAM3015 ;260;481;247;P7IBIRAPUERA;DUO trigger code 4;http://fr24.com/TAM3015;http://www.flightstats.com/go/FlightStatus/flightStatusByFlight.do?flightNumber=TAM3015;http://flightaware.com/live/flight/TAM3015
2015-06-08 16:17:00;2015-06-08 16:17:16;2015-06-08 16:17:35;-23,617207;-46,663133;3200;975;-32,543654;-46,659445;790;2591;608;185;E48F01;;156;288;327;P7IBIRAPUERA;DUO trigger code 4;;;
2015-06-08 16:17:00;2015-06-08 16:17:16;2015-06-08 16:17:35;-23,617207;-46,663133;3200;975;-32,543654;-46,659445;790;2591;608;185;E48F01;;156;288;327;P7IBIRAPUERA;DUO trigger code 4;;;
2015-06-08 16:17:00;2015-06-08 16:17:16;2015-06-08 16:17:34;-23,617207;-46,663133;3200;975;-32,765873;-46,659002;782;2565;634;193;E48F01;;156;288;327;P3IBIRAPUERA;DUO trigger code 1;;;
2015-06-08 16:19:00;2015-06-08 16:19:00;2015-06-08 16:19:33;-23,607198;-46,602501;5875;1790;-43,765098;-46,659557;802;2631;3243;988;E48F01;GO1044  ;267;494;154;P5IBIRAPUERA;DUO trigger code 6;http://fr24.com/GO1044;http://www.flightstats.com/go/FlightStatus/flightStatusByFlight.do?flightNumber=GO1044;http://flightaware.com/live/flight/GO1044
2015-06-08 16:21:00;2015-06-08 16:21:00;2015-06-08 16:21:33;-23,527908;-46,57504;9900;3017;-32,543654;-46,659445;790;2591;7308;2227;E486C3;TAM3337 ;300;555;137;P7IBIRAPUERA;DUO trigger code 4;http://fr24.com/TAM3337;http://www.flightstats.com/go/FlightStatus/flightStatusByFlight.do?flightNumber=TAM3337;http://flightaware.com/live/flight/TAM3337
2015-06-08 16:21:00;2015-06-08 16:21:00;2015-06-08 16:21:33;-23,527908;-46,57504;9900;3017;-32,543654;-46,659445;790;2591;7308;2227;E486C3;TAM3337 ;300;555;137;P7IBIRAPUERA;DUO trigger code 4;http://fr24.com/TAM3337;http://www.flightstats.com/go/FlightStatus/flightStatusByFlight.do?flightNumber=TAM3337;http://flightaware.com/live/flight/TAM3337
2015-06-08 16:21:00;2015-06-08 16:21:00;2015-06-08 16:21:33;-23,527908;-46,57504;9900;3017;-32,765873;-46,659002;782;2565;7334;2235;E486C3;TAM3337 ;300;555;137;P3IBIRAPUERA;DUO trigger code 1;http://fr24.com/TAM3337;http://www.flightstats.com/go/FlightStatus/flightStatusByFlight.do?flightNumber=TAM3337;http://flightaware.com/live/flight/TAM3337
2015-06-08 16:22:00;2015-06-08 16:22:01;2015-06-08 16:22:34;-23,594788;-46,560872;11025;3360;-43,765098;-46,659557;802;2631;8393;2558;E486C3;TAM3337 ;241;446;230;P5IBIRAPUERA;DUO trigger code 6;http://fr24.com/TAM3337;http://www.flightstats.com/go/FlightStatus/flightStatusByFlight.do?flightNumber=TAM3337;http://flightaware.com/live/flight/TAM3337
2015-06-08 16:23:00;2015-06-08 16:23:00;2015-06-08 16:23:35;-23,621304;-46,637999;11750;3581;-43,765098;-46,659557;802;2631;9118;2779;E486C3;TAM3337 ;319;590;250;P5IBIRAPUERA;DUO trigger code 6;http://fr24.com/TAM3337;http://www.flightstats.com/go/FlightStatus/flightStatusByFlight.do?flightNumber=TAM3337;http://flightaware.com/live/flight/TAM3337
2015-06-08 16:24:00;2015-06-08 16:24:01;2015-06-08 16:24:34;-23,664871;-46,717377;14550;4434;-32,543654;-46,659445;790;2591;11958;3644;E486C3;TAM3337 ;329;609;237;P7IBIRAPUERA;DUO trigger code 4;http://fr24.com/TAM3337;http://www.flightstats.com/go/FlightStatus/flightStatusByFlight.do?flightNumber=TAM3337;http://flightaware.com/live/flight/TAM3337
2015-06-08 16:24:00;2015-06-08 16:24:01;2015-06-08 16:24:34;-23,664871;-46,717377;14550;4434;-32,543654;-46,659445;790;2591;11958;3644;E486C3;TAM3337 ;329;609;237;P7IBIRAPUERA;DUO trigger code 4;http://fr24.com/TAM3337;http://www.flightstats.com/go/FlightStatus/flightStatusByFlight.do?flightNumber=TAM3337;http://flightaware.com/live/flight/TAM3337
2015-06-08 16:24:00;2015-06-08 16:24:01;2015-06-08 16:24:34;-23,664871;-46,717377;14550;4434;-32,765873;-46,659002;782;2565;11984;3652;E486C3;TAM3337 ;329;609;237;P3IBIRAPUERA;DUO trigger code 1;http://fr24.com/TAM3337;http://www.flightstats.com/go/FlightStatus/flightStatusByFlight.do?flightNumber=TAM3337;http://flightaware.com/live/flight/TAM3337
2015-06-08 16:25:00;2015-06-08 16:25:24;2015-06-08 16:25:35;-23,577405;-46,616027;8675;2644;-32,765873;-46,659002;782;2565;6109;1862;E4914A;PPMAO   ;294;544;136;P3IBIRAPUERA;DUO trigger code 1;http://fr24.com/PPMAO;http://www.flightstats.com/go/FlightStatus/flightStatusByFlight.do?flightNumber=PPMAO;http://flightaware.com/live/flight/PPMAO
2015-06-08 16:27:00;2015-06-08 16:27:00;2015-06-08 16:27:33;-23,600098;-46,68691;5225;1592;-43,765098;-46,659557;802;2631;2593;790;E485B2;TAM3033 ;151;279;312;P5IBIRAPUERA;DUO trigger code 6;http://fr24.com/TAM3033;http://www.flightstats.com/go/FlightStatus/flightStatusByFlight.do?flightNumber=TAM3033;http://flightaware.com/live/flight/TAM3033
2015-06-08 16:27:00;2015-06-08 16:27:00;2015-06-08 16:27:33;-23,600098;-46,68691;5225;1592;-32,543654;-46,659445;790;2591;2633;802;E485B2;TAM3033 ;151;279;312;P7IBIRAPUERA;DUO trigger code 4;http://fr24.com/TAM3033;http://www.flightstats.com/go/FlightStatus/flightStatusByFlight.do?flightNumber=TAM3033;http://flightaware.com/live/flight/TAM3033
2015-06-08 16:27:00;2015-06-08 16:27:00;2015-06-08 16:27:33;-23,600098;-46,68691;5225;1592;-32,543654;-46,659445;790;2591;2633;802;E485B2;TAM3033 ;151;279;312;P7IBIRAPUERA;DUO trigger code 4;http://fr24.com/TAM3033;http://www.flightstats.com/go/FlightStatus/flightStatusByFlight.do?flightNumber=TAM3033;http://flightaware.com/live/flight/TAM3033
2015-06-08 16:29:00;2015-06-08 16:29:00;2015-06-08 16:29:33;-23,612091;-46,754913;9625;2933;-32,765873;-46,659002;782;2565;7059;2151;E485B2;TAM3033 ;240;444;238;P3IBIRAPUERA;DUO trigger code 1;http://fr24.com/TAM3033;http://www.flightstats.com/go/FlightStatus/flightStatusByFlight.do?flightNumber=TAM3033;http://flightaware.com/live/flight/TAM3033
2015-06-08 16:30:00;2015-06-08 16:30:00;2015-06-08 16:30:34;-23,673442;-46,857985;11675;3558;-43,765098;-46,659557;802;2631;9043;2756;E485B2;TAM3033 ;240;444;238;P5IBIRAPUERA;DUO trigger code 6;http://fr24.com/TAM3033;http://www.flightstats.com/go/FlightStatus/flightStatusByFlight.do?flightNumber=TAM3033;http://flightaware.com/live/flight/TAM3033
2015-06-08 16:30:00;2015-06-08 16:30:00;2015-06-08 16:30:31;-23,673442;-46,857985;11675;3558;-32,543654;-46,659445;790;2591;9083;2768;E485B2;TAM3033 ;240;444;238;P7IBIRAPUERA;DUO trigger code 4;http://fr24.com/TAM3033;http://www.flightstats.com/go/FlightStatus/flightStatusByFlight.do?flightNumber=TAM3033;http://flightaware.com/live/flight/TAM3033
2015-06-08 16:30:00;2015-06-08 16:30:00;2015-06-08 16:30:31;-23,673442;-46,857985;11675;3558;-32,543654;-46,659445;790;2591;9083;2768;E485B2;TAM3033 ;240;444;238;P7IBIRAPUERA;DUO trigger code 4;http://fr24.com/TAM3033;http://www.flightstats.com/go/FlightStatus/flightStatusByFlight.do?flightNumber=TAM3033;http://flightaware.com/live/flight/TAM3033
2015-06-08 16:33:00;2015-06-08 16:33:00;2015-06-08 16:33:33;-23,581833;-46,637777;11275;3436;-43,765098;-46,659557;802;2631;8643;2634;E47FB1;;300;555;202;P5IBIRAPUERA;DUO trigger code 6;;;
2015-06-08 16:34:00;2015-06-08 16:34:00;2015-06-08 16:34:32;-23,618278;-46,714074;12125;3695;-32,543654;-46,659445;790;2591;9533;2905;E47FB1;;330;611;279;P7IBIRAPUERA;DUO trigger code 4;;;
2015-06-08 16:34:00;2015-06-08 16:34:00;2015-06-08 16:34:32;-23,618278;-46,714074;12125;3695;-32,543654;-46,659445;790;2591;9533;2905;E47FB1;;330;611;279;P7IBIRAPUERA;DUO trigger code 4;;;
2015-06-08 16:35:00;2015-06-08 16:35:00;2015-06-08 16:35:33;-23,608521;-46,774038;12600;3840;-32,765873;-46,659002;782;2565;10034;3058;E47FB1;;366;677;281;P3IBIRAPUERA;DUO trigger code 1;;;
2015-06-08 16:36:00;2015-06-08 16:36:00;2015-06-08 16:36:31;-23,618976;-46,661993;2900;883;-43,765098;-46,659557;802;2631;269;82;E48519;TAM3134 ;151;279;326;P5IBIRAPUERA;DUO trigger code 6;http://fr24.com/TAM3134;http://www.flightstats.com/go/FlightStatus/flightStatusByFlight.do?flightNumber=TAM3134;http://flightaware.com/live/flight/TAM3134
2015-06-08 16:38:00;2015-06-08 16:38:00;2015-06-08 16:38:34;-23,608781;-46,596334;5925;1805;-43,765098;-46,659557;802;2631;3293;1003;E48519;TAM3134 ;278;514;120;P5IBIRAPUERA;DUO trigger code 6;http://fr24.com/TAM3134;http://www.flightstats.com/go/FlightStatus/flightStatusByFlight.do?flightNumber=TAM3134;http://flightaware.com/live/flight/TAM3134
2015-06-08 16:38:00;2015-06-08 16:38:00;2015-06-08 16:38:32;-23,608781;-46,596334;5925;1805;-32,543654;-46,659445;790;2591;3333;1015;E48519;TAM3134 ;278;514;120;P7IBIRAPUERA;DUO trigger code 4;http://fr24.com/TAM3134;http://www.flightstats.com/go/FlightStatus/flightStatusByFlight.do?flightNumber=TAM3134;http://flightaware.com/live/flight/TAM3134
2015-06-08 16:38:00;2015-06-08 16:38:00;2015-06-08 16:38:32;-23,608781;-46,596334;5925;1805;-32,543654;-46,659445;790;2591;3333;1015;E48519;TAM3134 ;278;514;120;P7IBIRAPUERA;DUO trigger code 4;http://fr24.com/TAM3134;http://www.flightstats.com/go/FlightStatus/flightStatusByFlight.do?flightNumber=TAM3134;http://flightaware.com/live/flight/TAM3134
2015-06-08 16:38:00;2015-06-08 16:38:00;2015-06-08 16:38:31;-23,608781;-46,596334;5925;1805;-32,765873;-46,659002;782;2565;3359;1023;E48519;TAM3134 ;278;514;120;P3IBIRAPUERA;DUO trigger code 1;http://fr24.com/TAM3134;http://www.flightstats.com/go/FlightStatus/flightStatusByFlight.do?flightNumber=TAM3134;http://flightaware.com/live/flight/TAM3134
2015-06-08 16:42:00;2015-06-08 16:42:00;2015-06-08 16:42:32;-23,604538;-46,673584;3975;1211;-32,765873;-46,659002;782;2565;1409;429;E48135;TAM3085 ;179;331;275;P3IBIRAPUERA;DUO trigger code 1;http://fr24.com/TAM3085;http://www.flightstats.com/go/FlightStatus/flightStatusByFlight.do?flightNumber=TAM3085;http://flightaware.com/live/flight/TAM3085
2015-06-08 16:44:00;2015-06-08 16:44:00;2015-06-08 16:44:32;-23,627728;-46,780303;7475;2278;-43,765098;-46,659557;802;2631;4843;1476;E48135;TAM3085 ;189;350;277;P5IBIRAPUERA;DUO trigger code 6;http://fr24.com/TAM3085;http://www.flightstats.com/go/FlightStatus/flightStatusByFlight.do?flightNumber=TAM3085;http://flightaware.com/live/flight/TAM3085
2015-06-08 16:44:00;2015-06-08 16:44:00;2015-06-08 16:44:33;-23,627728;-46,780303;7475;2278;-32,543654;-46,659445;790;2591;4883;1488;E48135;TAM3085 ;189;350;277;P7IBIRAPUERA;DUO trigger code 4;http://fr24.com/TAM3085;http://www.flightstats.com/go/FlightStatus/flightStatusByFlight.do?flightNumber=TAM3085;http://flightaware.com/live/flight/TAM3085
2015-06-08 16:44:00;2015-06-08 16:44:00;2015-06-08 16:44:33;-23,627728;-46,780303;7475;2278;-32,543654;-46,659445;790;2591;4883;1488;E48135;TAM3085 ;189;350;277;P7IBIRAPUERA;DUO trigger code 4;http://fr24.com/TAM3085;http://www.flightstats.com/go/FlightStatus/flightStatusByFlight.do?flightNumber=TAM3085;http://flightaware.com/live/flight/TAM3085
2015-06-08 16:50:00;2015-06-08 16:50:00;2015-06-08 16:50:33;-23,584259;-46,631266;4825;1470;-43,765098;-46,659557;802;2631;2193;668;E48E0B;GLO1312 ;251;464;117;P5IBIRAPUERA;DUO trigger code 6;http://fr24.com/GLO1312;http://www.flightstats.com/go/FlightStatus/flightStatusByFlight.do?flightNumber=GLO1312;http://flightaware.com/live/flight/GLO1312
2015-06-08 16:51:00;2015-06-08 16:51:00;2015-06-08 16:51:32;-23,608429;-46,605886;5300;1615;-32,543654;-46,659445;790;2591;2708;825;E48E0B;GLO1312 ;268;496;142;P7IBIRAPUERA;DUO trigger code 4;http://fr24.com/GLO1312;http://www.flightstats.com/go/FlightStatus/flightStatusByFlight.do?flightNumber=GLO1312;http://flightaware.com/live/flight/GLO1312
2015-06-08 16:51:00;2015-06-08 16:51:00;2015-06-08 16:51:32;-23,608429;-46,605886;5300;1615;-32,543654;-46,659445;790;2591;2708;825;E48E0B;GLO1312 ;268;496;142;P7IBIRAPUERA;DUO trigger code 4;http://fr24.com/GLO1312;http://www.flightstats.com/go/FlightStatus/flightStatusByFlight.do?flightNumber=GLO1312;http://flightaware.com/live/flight/GLO1312
2015-06-08 16:57:00;2015-06-08 16:57:22;2015-06-08 16:57:32;-23,608978;-46,669312;3675;1120;-43,765098;-46,659557;802;2631;1043;318;E48A72;;136;251;325;P5IBIRAPUERA;DUO trigger code 6;;;
2015-06-08 16:57:00;2015-06-08 16:57:22;2015-06-08 16:57:32;-23,608978;-46,669312;3675;1120;-32,543654;-46,659445;790;2591;1083;330;E48A72;;136;251;325;P7IBIRAPUERA;DUO trigger code 4;;;
2015-06-08 16:57:00;2015-06-08 16:57:22;2015-06-08 16:57:32;-23,608978;-46,669312;3675;1120;-32,543654;-46,659445;790;2591;1083;330;E48A72;;136;251;325;P7IBIRAPUERA;DUO trigger code 4;;;
2015-06-08 16:59:00;2015-06-08 16:59:00;2015-06-08 16:59:32;-23,601612;-46,68039;5000;1524;-32,765873;-46,659002;782;2565;2434;742;E48A72;;145;268;306;P3IBIRAPUERA;DUO trigger code 1;;;
2015-06-08 17:03:00;2015-06-08 17:03:09;2015-06-08 17:03:32;-23,566186;-46,631522;11075;3375;-43,765098;-46,659557;802;2631;8443;2573;E80411;;269;498;201;P5IBIRAPUERA;DUO trigger code 6;;;
2015-06-08 17:05:00;2015-06-08 17:05:27;2015-06-08 17:05:32;-23,614507;-46,664636;3125;952;-32,765873;-46,659002;782;2565;559;170;E484FA;;160;296;329;P3IBIRAPUERA;DUO trigger code 1;;;
2015-06-08 17:06:00;2015-06-08 17:06:00;2015-06-08 17:06:34;-23,603614;-46,671891;4450;1356;-32,543654;-46,659445;790;2591;1858;566;E484FA;GLO1578 ;161;298;330;P7IBIRAPUERA;DUO trigger code 4;http://fr24.com/GLO1578;http://www.flightstats.com/go/FlightStatus/flightStatusByFlight.do?flightNumber=GLO1578;http://flightaware.com/live/flight/GLO1578
2015-06-08 17:06:00;2015-06-08 17:06:00;2015-06-08 17:06:34;-23,603614;-46,671891;4450;1356;-32,543654;-46,659445;790;2591;1858;566;E484FA;GLO1578 ;161;298;330;P7IBIRAPUERA;DUO trigger code 4;http://fr24.com/GLO1578;http://www.flightstats.com/go/FlightStatus/flightStatusByFlight.do?flightNumber=GLO1578;http://flightaware.com/live/flight/GLO1578
2015-06-08 17:09:00;2015-06-08 17:09:00;2015-06-08 17:09:31;-23,606323;-46,594137;5950;1813;-32,543654;-46,659445;790;2591;3358;1023;E4851A;TAM3264 ;282;522;127;P7IBIRAPUERA;DUO trigger code 4;http://fr24.com/TAM3264;http://www.flightstats.com/go/FlightStatus/flightStatusByFlight.do?flightNumber=TAM3264;http://flightaware.com/live/flight/TAM3264
2015-06-08 17:09:00;2015-06-08 17:09:00;2015-06-08 17:09:31;-23,606323;-46,594137;5950;1813;-32,543654;-46,659445;790;2591;3358;1023;E4851A;TAM3264 ;282;522;127;P7IBIRAPUERA;DUO trigger code 4;http://fr24.com/TAM3264;http://www.flightstats.com/go/FlightStatus/flightStatusByFlight.do?flightNumber=TAM3264;http://flightaware.com/live/flight/TAM3264
2015-06-08 17:14:00;2015-06-08 17:14:00;2015-06-08 17:14:34;-23,6017;-46,670431;4025;1226;-32,765873;-46,659002;782;2565;1459;444;E48BB1;ONE6072 ;156;288;11;P3IBIRAPUERA;DUO trigger code 1;http://fr24.com/ONE6072;http://www.flightstats.com/go/FlightStatus/flightStatusByFlight.do?flightNumber=ONE6072;http://flightaware.com/live/flight/ONE6072
2015-06-08 17:15:00;2015-06-08 17:15:00;2015-06-08 17:15:31;-23,597562;-46,612088;5525;1684;-43,765098;-46,659557;802;2631;2893;882;E48BB1;ONE6072 ;269;498;113;P5IBIRAPUERA;DUO trigger code 6;http://fr24.com/ONE6072;http://www.flightstats.com/go/FlightStatus/flightStatusByFlight.do?flightNumber=ONE6072;http://flightaware.com/live/flight/ONE6072
2015-06-08 17:17:00;2015-06-08 17:17:18;2015-06-08 17:17:31;-23,585831;-46,621986;4850;1478;-32,765873;-46,659002;782;2565;2284;696;E48651;ONE6012 ;261;483;101;P3IBIRAPUERA;DUO trigger code 1;http://fr24.com/ONE6012;http://www.flightstats.com/go/FlightStatus/flightStatusByFlight.do?flightNumber=ONE6012;http://flightaware.com/live/flight/ONE6012
2015-06-08 17:18:00;2015-06-08 17:18:00;2015-06-08 17:18:33;-23,592814;-46,603745;5125;1562;-43,765098;-46,659557;802;2631;2493;760;E48651;ONE6012 ;263;487;118;P5IBIRAPUERA;DUO trigger code 6;http://fr24.com/ONE6012;http://www.flightstats.com/go/FlightStatus/flightStatusByFlight.do?flightNumber=ONE6012;http://flightaware.com/live/flight/ONE6012
2015-06-08 17:22:00;2015-06-08 17:22:00;2015-06-08 17:22:33;-23,59961;-46,56379;12850;3916;-32,543654;-46,659445;790;2591;10258;3126;06A073;QTR771  ;263;487;225;P7IBIRAPUERA;DUO trigger code 4;http://fr24.com/QTR771;http://www.flightstats.com/go/FlightStatus/flightStatusByFlight.do?flightNumber=QTR771;http://flightaware.com/live/flight/QTR771
2015-06-08 17:22:00;2015-06-08 17:22:00;2015-06-08 17:22:33;-23,59961;-46,56379;12850;3916;-32,543654;-46,659445;790;2591;10258;3126;06A073;QTR771  ;263;487;225;P7IBIRAPUERA;DUO trigger code 4;http://fr24.com/QTR771;http://www.flightstats.com/go/FlightStatus/flightStatusByFlight.do?flightNumber=QTR771;http://flightaware.com/live/flight/QTR771
2015-06-08 17:26:00;2015-06-08 17:26:00;2015-06-08 17:26:35;-23,608409;-46,736876;6600;2011;-43,765098;-46,659557;802;2631;3968;1209;E483B1;GLO1332 ;175;324;316;P5IBIRAPUERA;DUO trigger code 6;http://fr24.com/GLO1332;http://www.flightstats.com/go/FlightStatus/flightStatusByFlight.do?flightNumber=GLO1332;http://flightaware.com/live/flight/GLO1332
2015-06-08 17:26:00;2015-06-08 17:26:00;2015-06-08 17:26:34;-23,608409;-46,736876;6600;2011;-32,543654;-46,659445;790;2591;4008;1221;E483B1;GLO1332 ;175;324;316;P7IBIRAPUERA;DUO trigger code 4;http://fr24.com/GLO1332;http://www.flightstats.com/go/FlightStatus/flightStatusByFlight.do?flightNumber=GLO1332;http://flightaware.com/live/flight/GLO1332
2015-06-08 17:26:00;2015-06-08 17:26:00;2015-06-08 17:26:34;-23,608409;-46,736876;6600;2011;-32,543654;-46,659445;790;2591;4008;1221;E483B1;GLO1332 ;175;324;316;P7IBIRAPUERA;DUO trigger code 4;http://fr24.com/GLO1332;http://www.flightstats.com/go/FlightStatus/flightStatusByFlight.do?flightNumber=GLO1332;http://flightaware.com/live/flight/GLO1332
2015-06-08 17:28:00;2015-06-08 17:28:00;2015-06-08 17:28:33;-23,586548;-46,666768;4675;1424;-43,765098;-46,659557;802;2631;2043;622;E48DB2;;218;403;48;P5IBIRAPUERA;DUO trigger code 6;;;
2015-06-08 17:28:00;2015-06-08 17:28:00;2015-06-08 17:28:35;-23,586548;-46,666768;4675;1424;-32,765873;-46,659002;782;2565;2109;642;E48DB2;;218;403;48;P3IBIRAPUERA;DUO trigger code 1;;;
2015-06-08 17:34:00;2015-06-08 17:34:21;2015-06-08 17:34:34;-23,613922;-46,66509;3100;944;-32,765873;-46,659002;782;2565;534;162;E48199;;164;303;329;P3IBIRAPUERA;DUO trigger code 1;;;
2015-06-08 17:41:00;2015-06-08 17:41:34;2015-06-08 17:41:36;-23,630539;-46,640015;2700;822;-32,543654;-46,659445;790;2591;108;33;E48F8A;PPBLA   ;64;118;279;P7IBIRAPUERA;DUO trigger code 4;http://fr24.com/PPBLA;http://www.flightstats.com/go/FlightStatus/flightStatusByFlight.do?flightNumber=PPBLA;http://flightaware.com/live/flight/PPBLA
2015-06-08 17:41:00;2015-06-08 17:41:34;2015-06-08 17:41:36;-23,630539;-46,640015;2700;822;-32,543654;-46,659445;790;2591;108;33;E48F8A;PPBLA   ;64;118;279;P7IBIRAPUERA;DUO trigger code 4;http://fr24.com/PPBLA;http://www.flightstats.com/go/FlightStatus/flightStatusByFlight.do?flightNumber=PPBLA;http://flightaware.com/live/flight/PPBLA
2015-06-08 17:47:00;2015-06-08 17:47:08;2015-06-08 17:47:36;-23,61557;-46,664124;3050;929;-43,765098;-46,659557;802;2631;419;127;E484FB;;170;314;328;P5IBIRAPUERA;DUO trigger code 6;;;
2015-06-08 17:49:00;2015-06-08 17:49:00;2015-06-08 17:49:36;-23,609711;-46,760152;6500;1981;-32,765873;-46,659002;782;2565;3934;1199;E484FB;;246;455;252;P3IBIRAPUERA;DUO trigger code 1;;;
2015-06-08 17:50:00;2015-06-08 17:50:00;2015-06-08 17:50:35;-23,618324;-46,662252;3400;1036;-32,543654;-46,659445;790;2591;808;246;E48AD4;;145;268;328;P7IBIRAPUERA;DUO trigger code 4;;;
2015-06-08 17:50:00;2015-06-08 17:50:00;2015-06-08 17:50:35;-23,618324;-46,662252;3400;1036;-32,543654;-46,659445;790;2591;808;246;E48AD4;;145;268;328;P7IBIRAPUERA;DUO trigger code 4;;;
2015-06-08 17:51:00;2015-06-08 17:51:00;2015-06-08 17:51:31;-23,618557;-46,662149;3025;922;-43,765098;-46,659557;802;2631;394;120;E491A3;;143;264;328;P5IBIRAPUERA;DUO trigger code 6;;;
2015-06-08 17:51:00;2015-06-08 17:51:00;2015-06-08 17:51:33;-23,618557;-46,662149;3025;922;-32,543654;-46,659445;790;2591;433;132;E491A3;;143;264;328;P7IBIRAPUERA;DUO trigger code 4;;;
2015-06-08 17:51:00;2015-06-08 17:51:00;2015-06-08 17:51:33;-23,618557;-46,662149;3025;922;-32,543654;-46,659445;790;2591;433;132;E491A3;;143;264;328;P7IBIRAPUERA;DUO trigger code 4;;;
2015-06-08 17:53:00;2015-06-08 17:53:00;2015-06-08 17:53:31;-23,602171;-46,594624;5925;1805;-32,765873;-46,659002;782;2565;3359;1023;E491A3;TAM3950 ;279;516;129;P3IBIRAPUERA;DUO trigger code 1;http://fr24.com/TAM3950;http://www.flightstats.com/go/FlightStatus/flightStatusByFlight.do?flightNumber=TAM3950;http://flightaware.com/live/flight/TAM3950
2015-06-08 17:55:00;2015-06-08 17:55:19;2015-06-08 17:55:33;-23,69602;-46,604367;6075;1851;-32,543654;-46,659445;790;2591;3483;1061;E48AFD;;137;253;332;P7IBIRAPUERA;DUO trigger code 4;;;
2015-06-08 17:55:00;2015-06-08 17:55:19;2015-06-08 17:55:33;-23,69602;-46,604367;6075;1851;-32,543654;-46,659445;790;2591;3483;1061;E48AFD;;137;253;332;P7IBIRAPUERA;DUO trigger code 4;;;
2015-06-08 17:56:00;2015-06-08 17:56:00;2015-06-08 17:56:35;-23,691559;-46,626689;6875;2095;-43,765098;-46,659557;802;2631;4243;1293;E48AFD;;137;253;272;P5IBIRAPUERA;DUO trigger code 6;;;
2015-06-08 17:57:00;2015-06-08 17:57:00;2015-06-08 17:57:33;-23,691559;-46,626689;6950;2118;-43,765098;-46,659557;802;2631;4318;1316;E48AFD;;195;361;202;P5IBIRAPUERA;DUO trigger code 6;;;
2015-06-08 17:57:00;2015-06-08 17:57:00;2015-06-08 17:57:34;-23,691559;-46,626689;6950;2118;-32,543654;-46,659445;790;2591;4358;1328;E48AFD;;195;361;202;P7IBIRAPUERA;DUO trigger code 4;;;
2015-06-08 17:57:00;2015-06-08 17:57:00;2015-06-08 17:57:34;-23,691559;-46,626689;6950;2118;-32,543654;-46,659445;790;2591;4358;1328;E48AFD;;195;361;202;P7IBIRAPUERA;DUO trigger code 4;;;
2015-06-08 17:58:00;2015-06-08 17:58:00;2015-06-08 17:58:35;-23,638761;-46,690029;15525;4732;-32,765873;-46,659002;782;2565;12959;3950;4BA94C;THY15   ;376;696;252;P3IBIRAPUERA;DUO trigger code 1;http://fr24.com/THY15;http://www.flightstats.com/go/FlightStatus/flightStatusByFlight.do?flightNumber=THY15;http://flightaware.com/live/flight/THY15
2015-06-08 17:59:00;2015-06-08 17:59:00;2015-06-08 17:59:33;-23,638761;-46,690029;16350;4983;-32,765873;-46,659002;782;2565;13784;4201;4BA94C;THY15   ;376;696;252;P3IBIRAPUERA;DUO trigger code 1;http://fr24.com/THY15;http://www.flightstats.com/go/FlightStatus/flightStatusByFlight.do?flightNumber=THY15;http://flightaware.com/live/flight/THY15
2015-06-08 18:01:00;2015-06-08 18:01:01;2015-06-08 18:01:33;-23,58206;-46,621364;5675;1729;-43,765098;-46,659557;802;2631;3043;927;E48FB5;GLO1050 ;277;513;111;P5IBIRAPUERA;DUO trigger code 6;http://fr24.com/GLO1050;http://www.flightstats.com/go/FlightStatus/flightStatusByFlight.do?flightNumber=GLO1050;http://flightaware.com/live/flight/GLO1050
2015-06-08 18:12:00;2015-06-08 18:12:00;2015-06-08 18:12:32;-23,582382;-46,548309;10525;3208;-43,765098;-46,659557;802;2631;7893;2406;E48071;TAM8008 ;232;429;209;P5IBIRAPUERA;DUO trigger code 6;http://fr24.com/TAM8008;http://www.flightstats.com/go/FlightStatus/flightStatusByFlight.do?flightNumber=TAM8008;http://flightaware.com/live/flight/TAM8008
2015-06-08 18:14:00;2015-06-08 18:14:00;2015-06-08 18:14:32;-23,668442;-46,695404;12575;3832;-32,765873;-46,659002;782;2565;10009;3050;E48071;TAM8008 ;354;655;221;P3IBIRAPUERA;DUO trigger code 1;http://fr24.com/TAM8008;http://www.flightstats.com/go/FlightStatus/flightStatusByFlight.do?flightNumber=TAM8008;http://flightaware.com/live/flight/TAM8008
2015-06-08 18:15:00;2015-06-08 18:15:00;2015-06-08 18:15:35;-23,712341;-46,736755;14225;4335;-43,765098;-46,659557;802;2631;11593;3533;E48071;TAM8008 ;366;677;222;P5IBIRAPUERA;DUO trigger code 6;http://fr24.com/TAM8008;http://www.flightstats.com/go/FlightStatus/flightStatusByFlight.do?flightNumber=TAM8008;http://flightaware.com/live/flight/TAM8008
2015-06-08 18:17:00;2015-06-08 18:17:00;2015-06-08 18:17:36;-23,609161;-46,668345;3700;1127;-32,543654;-46,659445;790;2591;1108;337;E4851B;TAM3952 ;153;283;329;P7IBIRAPUERA;DUO trigger code 4;http://fr24.com/TAM3952;http://www.flightstats.com/go/FlightStatus/flightStatusByFlight.do?flightNumber=TAM3952;http://flightaware.com/live/flight/TAM3952
2015-06-08 18:17:00;2015-06-08 18:17:00;2015-06-08 18:17:36;-23,609161;-46,668345;3700;1127;-32,543654;-46,659445;790;2591;1108;337;E4851B;TAM3952 ;153;283;329;P7IBIRAPUERA;DUO trigger code 4;http://fr24.com/TAM3952;http://www.flightstats.com/go/FlightStatus/flightStatusByFlight.do?flightNumber=TAM3952;http://flightaware.com/live/flight/TAM3952
2015-06-08 18:17:00;2015-06-08 18:17:00;2015-06-08 18:17:35;-23,609161;-46,668345;3700;1127;-32,765873;-46,659002;782;2565;1134;345;E4851B;TAM3952 ;153;283;329;P3IBIRAPUERA;DUO trigger code 1;http://fr24.com/TAM3952;http://www.flightstats.com/go/FlightStatus/flightStatusByFlight.do?flightNumber=TAM3952;http://flightaware.com/live/flight/TAM3952
2015-06-08 18:19:00;2015-06-08 18:19:00;2015-06-08 18:19:37;-23,606873;-46,581306;5950;1813;-32,543654;-46,659445;790;2591;3358;1023;E4851B;TAM3952 ;277;513;134;P7IBIRAPUERA;DUO trigger code 4;http://fr24.com/TAM3952;http://www.flightstats.com/go/FlightStatus/flightStatusByFlight.do?flightNumber=TAM3952;http://flightaware.com/live/flight/TAM3952
2015-06-08 18:19:00;2015-06-08 18:19:00;2015-06-08 18:19:37;-23,606873;-46,581306;5950;1813;-32,543654;-46,659445;790;2591;3358;1023;E4851B;TAM3952 ;277;513;134;P7IBIRAPUERA;DUO trigger code 4;http://fr24.com/TAM3952;http://www.flightstats.com/go/FlightStatus/flightStatusByFlight.do?flightNumber=TAM3952;http://flightaware.com/live/flight/TAM3952
2015-06-08 18:22:00;2015-06-08 18:22:00;2015-06-08 18:22:33;-23,612133;-46,666242;3575;1089;-43,765098;-46,659557;802;2631;943;287;E4898A;;169;312;330;P5IBIRAPUERA;DUO trigger code 6;;;
2015-06-08 18:23:00;2015-06-08 18:23:00;2015-06-08 18:23:36;-23,588065;-46,70827;5400;1645;-43,765098;-46,659557;802;2631;2768;843;E4898A;GLO1518 ;194;359;288;P5IBIRAPUERA;DUO trigger code 6;http://fr24.com/GLO1518;http://www.flightstats.com/go/FlightStatus/flightStatusByFlight.do?flightNumber=GLO1518;http://flightaware.com/live/flight/GLO1518
2015-06-08 18:24:00;2015-06-08 18:24:00;2015-06-08 18:24:33;-23,588065;-46,70827;5400;1645;-32,765873;-46,659002;782;2565;2834;863;E4898A;GLO1518 ;259;479;239;P3IBIRAPUERA;DUO trigger code 1;http://fr24.com/GLO1518;http://www.flightstats.com/go/FlightStatus/flightStatusByFlight.do?flightNumber=GLO1518;http://flightaware.com/live/flight/GLO1518
2015-06-08 18:25:00;2015-06-08 18:25:05;2015-06-08 18:25:37;-23,620419;-46,660749;2825;861;-43,765098;-46,659557;802;2631;194;59;E48FB7;;156;288;329;P5IBIRAPUERA;DUO trigger code 6;;;
2015-06-08 18:25:00;2015-06-08 18:25:05;2015-06-08 18:25:36;-23,620419;-46,660749;2825;861;-32,765873;-46,659002;782;2565;259;79;E48FB7;;156;288;329;P3IBIRAPUERA;DUO trigger code 1;;;
2015-06-08 18:26:00;2015-06-08 18:26:00;2015-06-08 18:26:35;-23,586411;-46,667531;4875;1485;-32,543654;-46,659445;790;2591;2283;695;E48FB7;GOL1614 ;225;416;30;P7IBIRAPUERA;DUO trigger code 4;http://fr24.com/GOL1614;http://www.flightstats.com/go/FlightStatus/flightStatusByFlight.do?flightNumber=GOL1614;http://flightaware.com/live/flight/GOL1614
2015-06-08 18:26:00;2015-06-08 18:26:00;2015-06-08 18:26:35;-23,586411;-46,667531;4875;1485;-32,543654;-46,659445;790;2591;2283;695;E48FB7;GOL1614 ;225;416;30;P7IBIRAPUERA;DUO trigger code 4;http://fr24.com/GOL1614;http://www.flightstats.com/go/FlightStatus/flightStatusByFlight.do?flightNumber=GOL1614;http://flightaware.com/live/flight/GOL1614
2015-06-08 18:27:00;2015-06-08 18:27:00;2015-06-08 18:27:37;-23,609433;-46,601465;5950;1813;-32,765873;-46,659002;782;2565;3384;1031;E48FB7;GOL1614 ;275;509;158;P3IBIRAPUERA;DUO trigger code 1;http://fr24.com/GOL1614;http://www.flightstats.com/go/FlightStatus/flightStatusByFlight.do?flightNumber=GOL1614;http://flightaware.com/live/flight/GOL1614
2015-06-08 18:34:00;2015-06-08 18:34:00;2015-06-08 18:34:31;-23,581083;-46,544512;13175;4015;-32,543654;-46,659445;790;2591;10583;3225;E47FAA;GOL7684 ;286;529;163;P7IBIRAPUERA;DUO trigger code 4;http://fr24.com/GOL7684;http://www.flightstats.com/go/FlightStatus/flightStatusByFlight.do?flightNumber=GOL7684;http://flightaware.com/live/flight/GOL7684
2015-06-08 18:34:00;2015-06-08 18:34:00;2015-06-08 18:34:31;-23,581083;-46,544512;13175;4015;-32,543654;-46,659445;790;2591;10583;3225;E47FAA;GOL7684 ;286;529;163;P7IBIRAPUERA;DUO trigger code 4;http://fr24.com/GOL7684;http://www.flightstats.com/go/FlightStatus/flightStatusByFlight.do?flightNumber=GOL7684;http://flightaware.com/live/flight/GOL7684
2015-06-08 18:34:00;2015-06-08 18:34:00;2015-06-08 18:34:35;-23,581083;-46,544512;13175;4015;-32,765873;-46,659002;782;2565;10609;3233;E47FAA;GOL7684 ;286;529;163;P3IBIRAPUERA;DUO trigger code 1;http://fr24.com/GOL7684;http://www.flightstats.com/go/FlightStatus/flightStatusByFlight.do?flightNumber=GOL7684;http://flightaware.com/live/flight/GOL7684
2015-06-08 18:37:00;2015-06-08 18:37:00;2015-06-08 18:37:34;-23,607385;-46,595764;5950;1813;-43,765098;-46,659557;802;2631;3318;1011;E49035;PRBPT   ;254;470;129;P5IBIRAPUERA;DUO trigger code 6;http://fr24.com/PRBPT;http://www.flightstats.com/go/FlightStatus/flightStatusByFlight.do?flightNumber=PRBPT;http://flightaware.com/live/flight/PRBPT
2015-06-08 18:37:00;2015-06-08 18:37:00;2015-06-08 18:37:32;-23,607385;-46,595764;5950;1813;-32,543654;-46,659445;790;2591;3358;1023;E49035;PRBPT   ;254;470;129;P7IBIRAPUERA;DUO trigger code 4;http://fr24.com/PRBPT;http://www.flightstats.com/go/FlightStatus/flightStatusByFlight.do?flightNumber=PRBPT;http://flightaware.com/live/flight/PRBPT
2015-06-08 18:37:00;2015-06-08 18:37:00;2015-06-08 18:37:32;-23,607385;-46,595764;5950;1813;-32,543654;-46,659445;790;2591;3358;1023;E49035;PRBPT   ;254;470;129;P7IBIRAPUERA;DUO trigger code 4;http://fr24.com/PRBPT;http://www.flightstats.com/go/FlightStatus/flightStatusByFlight.do?flightNumber=PRBPT;http://flightaware.com/live/flight/PRBPT
2015-06-08 18:39:00;2015-06-08 18:39:00;2015-06-08 18:39:34;-23,67172;-46,730658;16550;5044;-32,765873;-46,659002;782;2565;13984;4262;E80414;LAN753  ;344;637;237;P3IBIRAPUERA;DUO trigger code 1;http://fr24.com/LAN753;http://www.flightstats.com/go/FlightStatus/flightStatusByFlight.do?flightNumber=LAN753;http://flightaware.com/live/flight/LAN753
2015-06-08 18:50:00;2015-06-08 18:50:00;2015-06-08 18:50:32;-23,559575;-46,538656;12050;3672;-32,543654;-46,659445;790;2591;9458;2882;E4800A;GLO1860 ;270;500;169;P7IBIRAPUERA;DUO trigger code 4;http://fr24.com/GLO1860;http://www.flightstats.com/go/FlightStatus/flightStatusByFlight.do?flightNumber=GLO1860;http://flightaware.com/live/flight/GLO1860
2015-06-08 18:50:00;2015-06-08 18:50:00;2015-06-08 18:50:32;-23,559575;-46,538656;12050;3672;-32,543654;-46,659445;790;2591;9458;2882;E4800A;GLO1860 ;270;500;169;P7IBIRAPUERA;DUO trigger code 4;http://fr24.com/GLO1860;http://www.flightstats.com/go/FlightStatus/flightStatusByFlight.do?flightNumber=GLO1860;http://flightaware.com/live/flight/GLO1860
2015-06-08 18:51:00;2015-06-08 18:51:00;2015-06-08 18:51:32;-23,602753;-46,589661;13675;4168;-43,765098;-46,659557;802;2631;11043;3366;E4800A;GLO1860 ;267;494;252;P5IBIRAPUERA;DUO trigger code 6;http://fr24.com/GLO1860;http://www.flightstats.com/go/FlightStatus/flightStatusByFlight.do?flightNumber=GLO1860;http://flightaware.com/live/flight/GLO1860
2015-06-08 18:53:00;2015-06-08 18:53:00;2015-06-08 18:53:32;-23,685546;-46,711846;15900;4846;-32,765873;-46,659002;782;2565;13334;4064;E4800A;GLO1860 ;374;692;222;P3IBIRAPUERA;DUO trigger code 1;http://fr24.com/GLO1860;http://www.flightstats.com/go/FlightStatus/flightStatusByFlight.do?flightNumber=GLO1860;http://flightaware.com/live/flight/GLO1860
2015-06-08 18:58:00;2015-06-08 18:58:00;2015-06-08 18:58:35;-23,584763;-46,63269;4950;1508;-32,543654;-46,659445;790;2591;2358;718;E48DA2;ONE6014 ;255;472;106;P7IBIRAPUERA;DUO trigger code 4;http://fr24.com/ONE6014;http://www.flightstats.com/go/FlightStatus/flightStatusByFlight.do?flightNumber=ONE6014;http://flightaware.com/live/flight/ONE6014
2015-06-08 18:58:00;2015-06-08 18:58:00;2015-06-08 18:58:35;-23,584763;-46,63269;4950;1508;-32,543654;-46,659445;790;2591;2358;718;E48DA2;ONE6014 ;255;472;106;P7IBIRAPUERA;DUO trigger code 4;http://fr24.com/ONE6014;http://www.flightstats.com/go/FlightStatus/flightStatusByFlight.do?flightNumber=ONE6014;http://flightaware.com/live/flight/ONE6014
2015-06-08 18:58:00;2015-06-08 18:58:00;2015-06-08 18:58:32;-23,584763;-46,63269;4950;1508;-32,765873;-46,659002;782;2565;2384;726;E48DA2;ONE6014 ;255;472;106;P3IBIRAPUERA;DUO trigger code 1;http://fr24.com/ONE6014;http://www.flightstats.com/go/FlightStatus/flightStatusByFlight.do?flightNumber=ONE6014;http://flightaware.com/live/flight/ONE6014
2015-06-08 19:06:00;2015-06-08 19:06:00;2015-06-08 19:06:31;-23,588717;-46,66163;4525;1379;-32,543654;-46,659445;790;2591;1933;589;E48198;TAM3954 ;217;401;54;P7IBIRAPUERA;DUO trigger code 4;http://fr24.com/TAM3954;http://www.flightstats.com/go/FlightStatus/flightStatusByFlight.do?flightNumber=TAM3954;http://flightaware.com/live/flight/TAM3954
2015-06-08 19:06:00;2015-06-08 19:06:00;2015-06-08 19:06:31;-23,588717;-46,66163;4525;1379;-32,543654;-46,659445;790;2591;1933;589;E48198;TAM3954 ;217;401;54;P7IBIRAPUERA;DUO trigger code 4;http://fr24.com/TAM3954;http://www.flightstats.com/go/FlightStatus/flightStatusByFlight.do?flightNumber=TAM3954;http://flightaware.com/live/flight/TAM3954
2015-06-08 19:06:00;2015-06-08 19:06:00;2015-06-08 19:06:35;-23,588717;-46,66163;4525;1379;-32,765873;-46,659002;782;2565;1959;597;E48198;TAM3954 ;217;401;54;P3IBIRAPUERA;DUO trigger code 1;http://fr24.com/TAM3954;http://www.flightstats.com/go/FlightStatus/flightStatusByFlight.do?flightNumber=TAM3954;http://flightaware.com/live/flight/TAM3954
2015-06-08 19:07:00;2015-06-08 19:07:01;2015-06-08 19:07:39;-23,60799;-46,611933;5800;1767;-43,765098;-46,659557;802;2631;3168;965;E48198;TAM3954 ;267;494;118;P5IBIRAPUERA;DUO trigger code 6;http://fr24.com/TAM3954;http://www.flightstats.com/go/FlightStatus/flightStatusByFlight.do?flightNumber=TAM3954;http://flightaware.com/live/flight/TAM3954
2015-06-08 19:07:00;2015-06-08 19:07:01;2015-06-08 19:07:34;-23,60799;-46,611933;5800;1767;-32,543654;-46,659445;790;2591;3208;977;E48198;TAM3954 ;267;494;118;P7IBIRAPUERA;DUO trigger code 4;http://fr24.com/TAM3954;http://www.flightstats.com/go/FlightStatus/flightStatusByFlight.do?flightNumber=TAM3954;http://flightaware.com/live/flight/TAM3954
2015-06-08 19:07:00;2015-06-08 19:07:01;2015-06-08 19:07:34;-23,60799;-46,611933;5800;1767;-32,543654;-46,659445;790;2591;3208;977;E48198;TAM3954 ;267;494;118;P7IBIRAPUERA;DUO trigger code 4;http://fr24.com/TAM3954;http://www.flightstats.com/go/FlightStatus/flightStatusByFlight.do?flightNumber=TAM3954;http://flightaware.com/live/flight/TAM3954
2015-06-08 19:09:00;2015-06-08 19:09:30;2015-06-08 19:09:39;-23,61055;-46,667797;3550;1082;-32,543654;-46,659445;790;2591;958;292;E480D2;;146;270;327;P7IBIRAPUERA;DUO trigger code 4;;;
2015-06-08 19:09:00;2015-06-08 19:09:30;2015-06-08 19:09:39;-23,61055;-46,667797;3550;1082;-32,543654;-46,659445;790;2591;958;292;E480D2;;146;270;327;P7IBIRAPUERA;DUO trigger code 4;;;
2015-06-08 19:09:00;2015-06-08 19:09:30;2015-06-08 19:09:39;-23,61055;-46,667797;3550;1082;-32,765873;-46,659002;782;2565;984;300;E480D2;;146;270;327;P3IBIRAPUERA;DUO trigger code 1;;;
2015-06-08 19:10:00;2015-06-08 19:10:00;2015-06-08 19:10:34;-23,600281;-46,678874;3900;1188;-32,543654;-46,659445;790;2591;1308;398;E480D2;;168;311;300;P7IBIRAPUERA;DUO trigger code 4;;;
2015-06-08 19:10:00;2015-06-08 19:10:00;2015-06-08 19:10:34;-23,600281;-46,678874;3900;1188;-32,543654;-46,659445;790;2591;1308;398;E480D2;;168;311;300;P7IBIRAPUERA;DUO trigger code 4;;;
2015-06-08 19:11:00;2015-06-08 19:11:00;2015-06-08 19:11:31;-23,600281;-46,678874;5375;1638;-32,543654;-46,659445;790;2591;2783;848;E480D2;;168;311;300;P7IBIRAPUERA;DUO trigger code 4;;;
2015-06-08 19:11:00;2015-06-08 19:11:00;2015-06-08 19:11:31;-23,600281;-46,678874;5375;1638;-32,543654;-46,659445;790;2591;2783;848;E480D2;;168;311;300;P7IBIRAPUERA;DUO trigger code 4;;;
2015-06-08 19:12:00;2015-06-08 19:12:00;2015-06-08 19:12:31;-23,605133;-46,670431;4750;1447;-43,765098;-46,659557;802;2631;2118;645;E47E60;PRGPA   ;160;296;325;P5IBIRAPUERA;DUO trigger code 6;http://fr24.com/PRGPA;http://www.flightstats.com/go/FlightStatus/flightStatusByFlight.do?flightNumber=PRGPA;http://flightaware.com/live/flight/PRGPA
2015-06-08 19:13:00;2015-06-08 19:13:00;2015-06-08 19:13:34;-23,574146;-46,690029;5950;1813;-43,765098;-46,659557;802;2631;3318;1011;E47E60;PRGPA   ;174;322;327;P5IBIRAPUERA;DUO trigger code 6;http://fr24.com/PRGPA;http://www.flightstats.com/go/FlightStatus/flightStatusByFlight.do?flightNumber=PRGPA;http://flightaware.com/live/flight/PRGPA
2015-06-08 19:14:00;2015-06-08 19:14:00;2015-06-08 19:14:31;-23,61264;-46,666921;3425;1043;-32,765873;-46,659002;782;2565;859;261;E48E94;1054    ;160;296;327;P3IBIRAPUERA;DUO trigger code 1;http://fr24.com/1054;http://www.flightstats.com/go/FlightStatus/flightStatusByFlight.do?flightNumber=1054;http://flightaware.com/live/flight/1054
2015-06-08 19:15:00;2015-06-08 19:15:00;2015-06-08 19:15:39;-23,601837;-46,672974;5325;1623;-43,765098;-46,659557;802;2631;2693;821;E48E94;1054    ;268;496;95;P5IBIRAPUERA;DUO trigger code 6;http://fr24.com/1054;http://www.flightstats.com/go/FlightStatus/flightStatusByFlight.do?flightNumber=1054;http://flightaware.com/live/flight/1054
2015-06-08 19:15:00;2015-06-08 19:15:00;2015-06-08 19:15:32;-23,601837;-46,672974;5325;1623;-32,543654;-46,659445;790;2591;2733;833;E48E94;1054    ;268;496;95;P7IBIRAPUERA;DUO trigger code 4;http://fr24.com/1054;http://www.flightstats.com/go/FlightStatus/flightStatusByFlight.do?flightNumber=1054;http://flightaware.com/live/flight/1054
2015-06-08 19:15:00;2015-06-08 19:15:00;2015-06-08 19:15:32;-23,601837;-46,672974;5325;1623;-32,543654;-46,659445;790;2591;2733;833;E48E94;1054    ;268;496;95;P7IBIRAPUERA;DUO trigger code 4;http://fr24.com/1054;http://www.flightstats.com/go/FlightStatus/flightStatusByFlight.do?flightNumber=1054;http://flightaware.com/live/flight/1054
2015-06-08 19:15:00;2015-06-08 19:15:00;2015-06-08 19:15:34;-23,601837;-46,672974;5325;1623;-32,765873;-46,659002;782;2565;2759;841;E48E94;1054    ;268;496;95;P3IBIRAPUERA;DUO trigger code 1;http://fr24.com/1054;http://www.flightstats.com/go/FlightStatus/flightStatusByFlight.do?flightNumber=1054;http://flightaware.com/live/flight/1054
2015-06-08 19:16:00;2015-06-08 19:16:24;2015-06-08 19:16:34;-23,614563;-46,664632;3175;967;-43,765098;-46,659557;802;2631;544;165;E48B01;;165;305;329;P5IBIRAPUERA;DUO trigger code 6;;;
2015-06-08 19:17:00;2015-06-08 19:17:00;2015-06-08 19:17:31;-23,610031;-46,66748;4525;1379;-43,765098;-46,659557;802;2631;1893;577;E48B01;GOL1316 ;206;381;8;P5IBIRAPUERA;DUO trigger code 6;http://fr24.com/GOL1316;http://www.flightstats.com/go/FlightStatus/flightStatusByFlight.do?flightNumber=GOL1316;http://flightaware.com/live/flight/GOL1316
2015-06-08 19:17:00;2015-06-08 19:17:00;2015-06-08 19:17:34;-23,610031;-46,66748;4525;1379;-32,543654;-46,659445;790;2591;1933;589;E48B01;GOL1316 ;206;381;8;P7IBIRAPUERA;DUO trigger code 4;http://fr24.com/GOL1316;http://www.flightstats.com/go/FlightStatus/flightStatusByFlight.do?flightNumber=GOL1316;http://flightaware.com/live/flight/GOL1316
2015-06-08 19:17:00;2015-06-08 19:17:00;2015-06-08 19:17:34;-23,610031;-46,66748;4525;1379;-32,543654;-46,659445;790;2591;1933;589;E48B01;GOL1316 ;206;381;8;P7IBIRAPUERA;DUO trigger code 4;http://fr24.com/GOL1316;http://www.flightstats.com/go/FlightStatus/flightStatusByFlight.do?flightNumber=GOL1316;http://flightaware.com/live/flight/GOL1316
2015-06-08 19:17:00;2015-06-08 19:17:00;2015-06-08 19:17:39;-23,610031;-46,66748;4525;1379;-32,765873;-46,659002;782;2565;1959;597;E48B01;GOL1316 ;206;381;8;P3IBIRAPUERA;DUO trigger code 1;http://fr24.com/GOL1316;http://www.flightstats.com/go/FlightStatus/flightStatusByFlight.do?flightNumber=GOL1316;http://flightaware.com/live/flight/GOL1316
2015-06-08 19:18:00;2015-06-08 19:18:10;2015-06-08 19:18:34;-23,620186;-46,659868;2875;876;-32,765873;-46,659002;782;2565;309;94;E48F8A;;63;116;257;P3IBIRAPUERA;DUO trigger code 1;;;
2015-06-08 19:19:00;2015-06-08 19:19:00;2015-06-08 19:19:31;-23,634018;-46,673991;3125;952;-32,765873;-46,659002;782;2565;559;170;E48F8A;PPBLA   ;122;225;225;P3IBIRAPUERA;DUO trigger code 1;http://fr24.com/PPBLA;http://www.flightstats.com/go/FlightStatus/flightStatusByFlight.do?flightNumber=PPBLA;http://flightaware.com/live/flight/PPBLA
2015-06-08 19:21:00;2015-06-08 19:21:01;2015-06-08 19:21:32;-23,581874;-46,543061;14150;4312;-43,765098;-46,659557;802;2631;11518;3510;E48414;GLO2080 ;246;455;219;P5IBIRAPUERA;DUO trigger code 6;http://fr24.com/GLO2080;http://www.flightstats.com/go/FlightStatus/flightStatusByFlight.do?flightNumber=GLO2080;http://flightaware.com/live/flight/GLO2080
2015-06-08 19:21:00;2015-06-08 19:21:01;2015-06-08 19:21:35;-23,581874;-46,543061;14150;4312;-32,543654;-46,659445;790;2591;11558;3522;E48414;GLO2080 ;246;455;219;P7IBIRAPUERA;DUO trigger code 4;http://fr24.com/GLO2080;http://www.flightstats.com/go/FlightStatus/flightStatusByFlight.do?flightNumber=GLO2080;http://flightaware.com/live/flight/GLO2080
2015-06-08 19:21:00;2015-06-08 19:21:01;2015-06-08 19:21:35;-23,581874;-46,543061;14150;4312;-32,543654;-46,659445;790;2591;11558;3522;E48414;GLO2080 ;246;455;219;P7IBIRAPUERA;DUO trigger code 4;http://fr24.com/GLO2080;http://www.flightstats.com/go/FlightStatus/flightStatusByFlight.do?flightNumber=GLO2080;http://flightaware.com/live/flight/GLO2080
2015-06-08 19:23:00;2015-06-08 19:23:00;2015-06-08 19:23:34;-23,663269;-46,690776;18150;5532;-43,765098;-46,659557;802;2631;15518;4730;E48414;GLO2080 ;333;616;222;P5IBIRAPUERA;DUO trigger code 6;http://fr24.com/GLO2080;http://www.flightstats.com/go/FlightStatus/flightStatusByFlight.do?flightNumber=GLO2080;http://flightaware.com/live/flight/GLO2080
2015-06-08 19:23:00;2015-06-08 19:23:00;2015-06-08 19:23:32;-23,663269;-46,690776;18150;5532;-32,765873;-46,659002;782;2565;15584;4750;E48414;GLO2080 ;333;616;222;P3IBIRAPUERA;DUO trigger code 1;http://fr24.com/GLO2080;http://www.flightstats.com/go/FlightStatus/flightStatusByFlight.do?flightNumber=GLO2080;http://flightaware.com/live/flight/GLO2080
2015-06-08 19:24:00;2015-06-08 19:24:00;2015-06-08 19:24:32;-23,711288;-46,736603;19800;6035;-32,543654;-46,659445;790;2591;17208;5245;E48414;GLO2080 ;340;629;222;P7IBIRAPUERA;DUO trigger code 4;http://fr24.com/GLO2080;http://www.flightstats.com/go/FlightStatus/flightStatusByFlight.do?flightNumber=GLO2080;http://flightaware.com/live/flight/GLO2080
2015-06-08 19:24:00;2015-06-08 19:24:00;2015-06-08 19:24:32;-23,711288;-46,736603;19800;6035;-32,543654;-46,659445;790;2591;17208;5245;E48414;GLO2080 ;340;629;222;P7IBIRAPUERA;DUO trigger code 4;http://fr24.com/GLO2080;http://www.flightstats.com/go/FlightStatus/flightStatusByFlight.do?flightNumber=GLO2080;http://flightaware.com/live/flight/GLO2080
2015-06-08 19:29:00;2015-06-08 19:29:00;2015-06-08 19:29:35;-23,607605;-46,669006;3900;1188;-32,765873;-46,659002;782;2565;1334;406;E48106;GLO1195 ;162;300;331;P3IBIRAPUERA;DUO trigger code 1;http://fr24.com/GLO1195;http://www.flightstats.com/go/FlightStatus/flightStatusByFlight.do?flightNumber=GLO1195;http://flightaware.com/live/flight/GLO1195
2015-06-08 19:30:00;2015-06-08 19:30:00;2015-06-08 19:30:32;-23,597122;-46,675618;4700;1432;-43,765098;-46,659557;802;2631;2068;630;E48106;GLO1195 ;162;300;331;P5IBIRAPUERA;DUO trigger code 6;http://fr24.com/GLO1195;http://www.flightstats.com/go/FlightStatus/flightStatusByFlight.do?flightNumber=GLO1195;http://flightaware.com/live/flight/GLO1195
2015-06-08 19:35:00;2015-06-08 19:35:17;2015-06-08 19:35:32;-23,611176;-46,66687;3350;1021;-32,765873;-46,659002;782;2565;784;239;E48413;GLO1878 ;175;324;330;P3IBIRAPUERA;DUO trigger code 1;http://fr24.com/GLO1878;http://www.flightstats.com/go/FlightStatus/flightStatusByFlight.do?flightNumber=GLO1878;http://flightaware.com/live/flight/GLO1878
2015-06-08 19:37:00;2015-06-08 19:37:06;2015-06-08 19:37:34;-23,534018;-46,585439;8225;2506;-32,543654;-46,659445;790;2591;5633;1716;E482C5;;289;535;133;P7IBIRAPUERA;DUO trigger code 4;;;
2015-06-08 19:37:00;2015-06-08 19:37:06;2015-06-08 19:37:34;-23,534018;-46,585439;8225;2506;-32,543654;-46,659445;790;2591;5633;1716;E482C5;;289;535;133;P7IBIRAPUERA;DUO trigger code 4;;;
2015-06-08 19:38:00;2015-06-08 19:38:00;2015-06-08 19:38:32;-23,587274;-46,549228;9750;2971;-32,543654;-46,659445;790;2591;7158;2181;E482C5;TAM3750 ;268;496;185;P7IBIRAPUERA;DUO trigger code 4;http://fr24.com/TAM3750;http://www.flightstats.com/go/FlightStatus/flightStatusByFlight.do?flightNumber=TAM3750;http://flightaware.com/live/flight/TAM3750
2015-06-08 19:38:00;2015-06-08 19:38:00;2015-06-08 19:38:32;-23,587274;-46,549228;9750;2971;-32,543654;-46,659445;790;2591;7158;2181;E482C5;TAM3750 ;268;496;185;P7IBIRAPUERA;DUO trigger code 4;http://fr24.com/TAM3750;http://www.flightstats.com/go/FlightStatus/flightStatusByFlight.do?flightNumber=TAM3750;http://flightaware.com/live/flight/TAM3750
2015-06-08 19:43:00;2015-06-08 19:43:00;2015-06-08 19:43:34;-23,586868;-46,669159;4025;1226;-43,765098;-46,659557;802;2631;1393;424;E486C2;TAM3240 ;198;366;23;P5IBIRAPUERA;DUO trigger code 6;http://fr24.com/TAM3240;http://www.flightstats.com/go/FlightStatus/flightStatusByFlight.do?flightNumber=TAM3240;http://flightaware.com/live/flight/TAM3240
2015-06-08 19:44:00;2015-06-08 19:44:00;2015-06-08 19:44:32;-23,594696;-46,588236;6050;1844;-43,765098;-46,659557;802;2631;3418;1042;E486C2;TAM3240 ;295;546;100;P5IBIRAPUERA;DUO trigger code 6;http://fr24.com/TAM3240;http://www.flightstats.com/go/FlightStatus/flightStatusByFlight.do?flightNumber=TAM3240;http://flightaware.com/live/flight/TAM3240
2015-06-08 19:45:00;2015-06-08 19:45:00;2015-06-08 19:45:34;-23,615753;-46,663818;3025;922;-32,765873;-46,659002;782;2565;459;140;E48AFD;;166;307;330;P3IBIRAPUERA;DUO trigger code 1;;;
2015-06-08 19:46:00;2015-06-08 19:46:00;2015-06-08 19:46:32;-23,587326;-46,686656;4675;1424;-32,765873;-46,659002;782;2565;2109;642;E48AFD;;183;338;320;P3IBIRAPUERA;DUO trigger code 1;;;
2015-06-08 19:53:00;2015-06-08 19:53:00;2015-06-08 19:53:33;-23,576846;-46,672047;5075;1546;-32,543654;-46,659445;790;2591;2483;756;E485B2;TAM3958 ;229;424;36;P7IBIRAPUERA;DUO trigger code 4;http://fr24.com/TAM3958;http://www.flightstats.com/go/FlightStatus/flightStatusByFlight.do?flightNumber=TAM3958;http://flightaware.com/live/flight/TAM3958
2015-06-08 19:53:00;2015-06-08 19:53:00;2015-06-08 19:53:33;-23,576846;-46,672047;5075;1546;-32,543654;-46,659445;790;2591;2483;756;E485B2;TAM3958 ;229;424;36;P7IBIRAPUERA;DUO trigger code 4;http://fr24.com/TAM3958;http://www.flightstats.com/go/FlightStatus/flightStatusByFlight.do?flightNumber=TAM3958;http://flightaware.com/live/flight/TAM3958
2015-06-08 19:56:00;2015-06-08 19:56:00;2015-06-08 19:56:32;-23,602707;-46,674143;4575;1394;-32,543654;-46,659445;790;2591;1983;604;E48274;TAM3051 ;163;301;309;P7IBIRAPUERA;DUO trigger code 4;http://fr24.com/TAM3051;http://www.flightstats.com/go/FlightStatus/flightStatusByFlight.do?flightNumber=TAM3051;http://flightaware.com/live/flight/TAM3051
2015-06-08 19:56:00;2015-06-08 19:56:00;2015-06-08 19:56:32;-23,602707;-46,674143;4575;1394;-32,543654;-46,659445;790;2591;1983;604;E48274;TAM3051 ;163;301;309;P7IBIRAPUERA;DUO trigger code 4;http://fr24.com/TAM3051;http://www.flightstats.com/go/FlightStatus/flightStatusByFlight.do?flightNumber=TAM3051;http://flightaware.com/live/flight/TAM3051
2015-06-08 20:01:00;2015-06-08 20:01:00;2015-06-08 20:01:33;-23,579593;-46,639139;4925;1501;-32,543654;-46,659445;790;2591;2333;711;E48F01;GOL1058 ;261;483;96;P7IBIRAPUERA;DUO trigger code 4;http://fr24.com/GOL1058;http://www.flightstats.com/go/FlightStatus/flightStatusByFlight.do?flightNumber=GOL1058;http://flightaware.com/live/flight/GOL1058
2015-06-08 20:01:00;2015-06-08 20:01:00;2015-06-08 20:01:33;-23,579593;-46,639139;4925;1501;-32,543654;-46,659445;790;2591;2333;711;E48F01;GOL1058 ;261;483;96;P7IBIRAPUERA;DUO trigger code 4;http://fr24.com/GOL1058;http://www.flightstats.com/go/FlightStatus/flightStatusByFlight.do?flightNumber=GOL1058;http://flightaware.com/live/flight/GOL1058
2015-06-08 20:01:00;2015-06-08 20:01:00;2015-06-08 20:01:33;-23,579593;-46,639139;4925;1501;-32,765873;-46,659002;782;2565;2359;719;E48F01;GOL1058 ;261;483;96;P3IBIRAPUERA;DUO trigger code 1;http://fr24.com/GOL1058;http://www.flightstats.com/go/FlightStatus/flightStatusByFlight.do?flightNumber=GOL1058;http://flightaware.com/live/flight/GOL1058
2015-06-08 20:02:00;2015-06-08 20:02:00;2015-06-08 20:02:32;-23,607478;-46,60504;5525;1684;-43,765098;-46,659557;802;2631;2893;882;E48F01;GOL1058 ;268;496;148;P5IBIRAPUERA;DUO trigger code 6;http://fr24.com/GOL1058;http://www.flightstats.com/go/FlightStatus/flightStatusByFlight.do?flightNumber=GOL1058;http://flightaware.com/live/flight/GOL1058
2015-06-08 20:04:00;2015-06-08 20:04:02;2015-06-08 20:04:36;-23,56517;-46,632385;10375;3162;-32,543654;-46,659445;790;2591;7783;2372;E47FE0;TAM8028 ;297;550;198;P7IBIRAPUERA;DUO trigger code 4;http://fr24.com/TAM8028;http://www.flightstats.com/go/FlightStatus/flightStatusByFlight.do?flightNumber=TAM8028;http://flightaware.com/live/flight/TAM8028
2015-06-08 20:04:00;2015-06-08 20:04:02;2015-06-08 20:04:36;-23,56517;-46,632385;10375;3162;-32,543654;-46,659445;790;2591;7783;2372;E47FE0;TAM8028 ;297;550;198;P7IBIRAPUERA;DUO trigger code 4;http://fr24.com/TAM8028;http://www.flightstats.com/go/FlightStatus/flightStatusByFlight.do?flightNumber=TAM8028;http://flightaware.com/live/flight/TAM8028
2015-06-08 20:04:00;2015-06-08 20:04:02;2015-06-08 20:04:32;-23,56517;-46,632385;10375;3162;-32,765873;-46,659002;782;2565;7809;2380;E47FE0;TAM8028 ;297;550;198;P3IBIRAPUERA;DUO trigger code 1;http://fr24.com/TAM8028;http://www.flightstats.com/go/FlightStatus/flightStatusByFlight.do?flightNumber=TAM8028;http://flightaware.com/live/flight/TAM8028
2015-06-08 20:05:00;2015-06-08 20:05:00;2015-06-08 20:05:35;-23,627356;-46,691843;11550;3520;-43,765098;-46,659557;802;2631;8918;2718;E47FE0;TAM8028 ;330;611;237;P5IBIRAPUERA;DUO trigger code 6;http://fr24.com/TAM8028;http://www.flightstats.com/go/FlightStatus/flightStatusByFlight.do?flightNumber=TAM8028;http://flightaware.com/live/flight/TAM8028
2015-06-08 20:06:00;2015-06-08 20:06:00;2015-06-08 20:06:32;-23,644906;-46,720241;12450;3794;-32,543654;-46,659445;790;2591;9858;3004;E47FE0;TAM8028 ;335;620;237;P7IBIRAPUERA;DUO trigger code 4;http://fr24.com/TAM8028;http://www.flightstats.com/go/FlightStatus/flightStatusByFlight.do?flightNumber=TAM8028;http://flightaware.com/live/flight/TAM8028
2015-06-08 20:06:00;2015-06-08 20:06:00;2015-06-08 20:06:32;-23,644906;-46,720241;12450;3794;-32,543654;-46,659445;790;2591;9858;3004;E47FE0;TAM8028 ;335;620;237;P7IBIRAPUERA;DUO trigger code 4;http://fr24.com/TAM8028;http://www.flightstats.com/go/FlightStatus/flightStatusByFlight.do?flightNumber=TAM8028;http://flightaware.com/live/flight/TAM8028
2015-06-08 20:10:00;2015-06-08 20:10:01;2015-06-08 20:10:36;-23,590942;-46,559703;9925;3025;-43,765098;-46,659557;802;2631;7293;2223;A9A750;AAL962  ;230;425;224;P5IBIRAPUERA;DUO trigger code 6;http://fr24.com/AAL962;http://www.flightstats.com/go/FlightStatus/flightStatusByFlight.do?flightNumber=AAL962;http://flightaware.com/live/flight/AAL962
2015-06-08 20:10:00;2015-06-08 20:10:01;2015-06-08 20:10:36;-23,590942;-46,559703;9925;3025;-32,543654;-46,659445;790;2591;7333;2235;A9A750;AAL962  ;230;425;224;P7IBIRAPUERA;DUO trigger code 4;http://fr24.com/AAL962;http://www.flightstats.com/go/FlightStatus/flightStatusByFlight.do?flightNumber=AAL962;http://flightaware.com/live/flight/AAL962
2015-06-08 20:10:00;2015-06-08 20:10:01;2015-06-08 20:10:36;-23,590942;-46,559703;9925;3025;-32,543654;-46,659445;790;2591;7333;2235;A9A750;AAL962  ;230;425;224;P7IBIRAPUERA;DUO trigger code 4;http://fr24.com/AAL962;http://www.flightstats.com/go/FlightStatus/flightStatusByFlight.do?flightNumber=AAL962;http://flightaware.com/live/flight/AAL962
2015-06-08 20:11:00;2015-06-08 20:11:00;2015-06-08 20:11:33;-23,616394;-46,622213;11400;3474;-32,543654;-46,659445;790;2591;8808;2684;A9A750;AAL962  ;242;448;250;P7IBIRAPUERA;DUO trigger code 4;http://fr24.com/AAL962;http://www.flightstats.com/go/FlightStatus/flightStatusByFlight.do?flightNumber=AAL962;http://flightaware.com/live/flight/AAL962
2015-06-08 20:11:00;2015-06-08 20:11:00;2015-06-08 20:11:33;-23,616394;-46,622213;11400;3474;-32,543654;-46,659445;790;2591;8808;2684;A9A750;AAL962  ;242;448;250;P7IBIRAPUERA;DUO trigger code 4;http://fr24.com/AAL962;http://www.flightstats.com/go/FlightStatus/flightStatusByFlight.do?flightNumber=AAL962;http://flightaware.com/live/flight/AAL962
2015-06-08 20:12:00;2015-06-08 20:12:00;2015-06-08 20:12:32;-23,622468;-46,689148;12200;3718;-43,765098;-46,659557;802;2631;9568;2916;A9A750;AAL962  ;299;553;280;P5IBIRAPUERA;DUO trigger code 6;http://fr24.com/AAL962;http://www.flightstats.com/go/FlightStatus/flightStatusByFlight.do?flightNumber=AAL962;http://flightaware.com/live/flight/AAL962
2015-06-08 20:12:00;2015-06-08 20:12:00;2015-06-08 20:12:31;-23,622468;-46,689148;12200;3718;-32,543654;-46,659445;790;2591;9608;2928;A9A750;AAL962  ;299;553;280;P7IBIRAPUERA;DUO trigger code 4;http://fr24.com/AAL962;http://www.flightstats.com/go/FlightStatus/flightStatusByFlight.do?flightNumber=AAL962;http://flightaware.com/live/flight/AAL962
2015-06-08 20:12:00;2015-06-08 20:12:00;2015-06-08 20:12:31;-23,622468;-46,689148;12200;3718;-32,543654;-46,659445;790;2591;9608;2928;A9A750;AAL962  ;299;553;280;P7IBIRAPUERA;DUO trigger code 4;http://fr24.com/AAL962;http://www.flightstats.com/go/FlightStatus/flightStatusByFlight.do?flightNumber=AAL962;http://flightaware.com/live/flight/AAL962
2015-06-08 20:12:00;2015-06-08 20:12:00;2015-06-08 20:12:36;-23,622468;-46,689148;12200;3718;-32,765873;-46,659002;782;2565;9634;2936;A9A750;AAL962  ;299;553;280;P3IBIRAPUERA;DUO trigger code 1;http://fr24.com/AAL962;http://www.flightstats.com/go/FlightStatus/flightStatusByFlight.do?flightNumber=AAL962;http://flightaware.com/live/flight/AAL962
2015-06-08 20:15:00;2015-06-08 20:15:00;2015-06-08 20:15:34;-23,578802;-46,56607;10500;3200;-32,543654;-46,659445;790;2591;7908;2410;E47ECD;GOL1652 ;249;461;204;P7IBIRAPUERA;DUO trigger code 4;http://fr24.com/GOL1652;http://www.flightstats.com/go/FlightStatus/flightStatusByFlight.do?flightNumber=GOL1652;http://flightaware.com/live/flight/GOL1652
2015-06-08 20:15:00;2015-06-08 20:15:00;2015-06-08 20:15:34;-23,578802;-46,56607;10500;3200;-32,543654;-46,659445;790;2591;7908;2410;E47ECD;GOL1652 ;249;461;204;P7IBIRAPUERA;DUO trigger code 4;http://fr24.com/GOL1652;http://www.flightstats.com/go/FlightStatus/flightStatusByFlight.do?flightNumber=GOL1652;http://flightaware.com/live/flight/GOL1652
2015-06-08 20:16:00;2015-06-08 20:16:01;2015-06-08 20:16:36;-23,616714;-46,624756;12325;3756;-43,765098;-46,659557;802;2631;9693;2954;E47ECD;GOL1652 ;260;481;250;P5IBIRAPUERA;DUO trigger code 6;http://fr24.com/GOL1652;http://www.flightstats.com/go/FlightStatus/flightStatusByFlight.do?flightNumber=GOL1652;http://flightaware.com/live/flight/GOL1652
2015-06-08 20:17:00;2015-06-08 20:17:00;2015-06-08 20:17:33;-23,608316;-46,69972;14100;4297;-43,765098;-46,659557;802;2631;11468;3495;E47ECD;GOL1652 ;286;529;287;P5IBIRAPUERA;DUO trigger code 6;http://fr24.com/GOL1652;http://www.flightstats.com/go/FlightStatus/flightStatusByFlight.do?flightNumber=GOL1652;http://flightaware.com/live/flight/GOL1652
2015-06-08 20:18:00;2015-06-08 20:18:00;2015-06-08 20:18:31;-23,608316;-46,69972;14625;4457;-43,765098;-46,659557;802;2631;11993;3655;E47ECD;GOL1652 ;286;529;287;P5IBIRAPUERA;DUO trigger code 6;http://fr24.com/GOL1652;http://www.flightstats.com/go/FlightStatus/flightStatusByFlight.do?flightNumber=GOL1652;http://flightaware.com/live/flight/GOL1652
2015-06-08 20:18:00;2015-06-08 20:18:00;2015-06-08 20:18:36;-23,608316;-46,69972;14625;4457;-32,765873;-46,659002;782;2565;12059;3675;E47ECD;GOL1652 ;286;529;287;P3IBIRAPUERA;DUO trigger code 1;http://fr24.com/GOL1652;http://www.flightstats.com/go/FlightStatus/flightStatusByFlight.do?flightNumber=GOL1652;http://flightaware.com/live/flight/GOL1652
2015-06-08 20:23:00;2015-06-08 20:23:00;2015-06-08 20:23:34;-23,604858;-46,669718;4575;1394;-32,765873;-46,659002;782;2565;2009;612;E47FAB;GOL1060 ;224;414;37;P3IBIRAPUERA;DUO trigger code 1;http://fr24.com/GOL1060;http://www.flightstats.com/go/FlightStatus/flightStatusByFlight.do?flightNumber=GOL1060;http://flightaware.com/live/flight/GOL1060
2015-06-08 20:24:00;2015-06-08 20:24:00;2015-06-08 20:24:37;-23,607422;-46,606801;5275;1607;-32,543654;-46,659445;790;2591;2683;817;E47FAB;GOL1060 ;267;494;146;P7IBIRAPUERA;DUO trigger code 4;http://fr24.com/GOL1060;http://www.flightstats.com/go/FlightStatus/flightStatusByFlight.do?flightNumber=GOL1060;http://flightaware.com/live/flight/GOL1060
2015-06-08 20:24:00;2015-06-08 20:24:00;2015-06-08 20:24:37;-23,607422;-46,606801;5275;1607;-32,543654;-46,659445;790;2591;2683;817;E47FAB;GOL1060 ;267;494;146;P7IBIRAPUERA;DUO trigger code 4;http://fr24.com/GOL1060;http://www.flightstats.com/go/FlightStatus/flightStatusByFlight.do?flightNumber=GOL1060;http://flightaware.com/live/flight/GOL1060
2015-06-08 20:27:00;2015-06-08 20:27:00;2015-06-08 20:27:32;-23,57959;-46,550802;11025;3360;-32,543654;-46,659445;790;2591;8433;2570;E486C1;TAM3555 ;267;494;185;P7IBIRAPUERA;DUO trigger code 4;http://fr24.com/TAM3555;http://www.flightstats.com/go/FlightStatus/flightStatusByFlight.do?flightNumber=TAM3555;http://flightaware.com/live/flight/TAM3555
2015-06-08 20:27:00;2015-06-08 20:27:00;2015-06-08 20:27:32;-23,57959;-46,550802;11025;3360;-32,543654;-46,659445;790;2591;8433;2570;E486C1;TAM3555 ;267;494;185;P7IBIRAPUERA;DUO trigger code 4;http://fr24.com/TAM3555;http://www.flightstats.com/go/FlightStatus/flightStatusByFlight.do?flightNumber=TAM3555;http://flightaware.com/live/flight/TAM3555
2015-06-08 20:30:00;2015-06-08 20:30:00;2015-06-08 20:30:37;-23,619507;-46,661326;3075;937;-43,765098;-46,659557;802;2631;444;135;E48519;TAM3960 ;133;246;329;P5IBIRAPUERA;DUO trigger code 6;http://fr24.com/TAM3960;http://www.flightstats.com/go/FlightStatus/flightStatusByFlight.do?flightNumber=TAM3960;http://flightaware.com/live/flight/TAM3960
2015-06-08 20:30:00;2015-06-08 20:30:00;2015-06-08 20:30:35;-23,619507;-46,661326;3075;937;-32,543654;-46,659445;790;2591;483;147;E48519;TAM3960 ;133;246;329;P7IBIRAPUERA;DUO trigger code 4;http://fr24.com/TAM3960;http://www.flightstats.com/go/FlightStatus/flightStatusByFlight.do?flightNumber=TAM3960;http://flightaware.com/live/flight/TAM3960
2015-06-08 20:30:00;2015-06-08 20:30:00;2015-06-08 20:30:35;-23,619507;-46,661326;3075;937;-32,543654;-46,659445;790;2591;483;147;E48519;TAM3960 ;133;246;329;P7IBIRAPUERA;DUO trigger code 4;http://fr24.com/TAM3960;http://www.flightstats.com/go/FlightStatus/flightStatusByFlight.do?flightNumber=TAM3960;http://flightaware.com/live/flight/TAM3960
2015-06-08 20:31:00;2015-06-08 20:31:00;2015-06-08 20:31:35;-23,58252;-46,646525;5575;1699;-32,543654;-46,659445;790;2591;2983;909;E48519;TAM3960 ;245;453;78;P7IBIRAPUERA;DUO trigger code 4;http://fr24.com/TAM3960;http://www.flightstats.com/go/FlightStatus/flightStatusByFlight.do?flightNumber=TAM3960;http://flightaware.com/live/flight/TAM3960
2015-06-08 20:31:00;2015-06-08 20:31:00;2015-06-08 20:31:35;-23,58252;-46,646525;5575;1699;-32,543654;-46,659445;790;2591;2983;909;E48519;TAM3960 ;245;453;78;P7IBIRAPUERA;DUO trigger code 4;http://fr24.com/TAM3960;http://www.flightstats.com/go/FlightStatus/flightStatusByFlight.do?flightNumber=TAM3960;http://flightaware.com/live/flight/TAM3960
2015-06-08 20:32:00;2015-06-08 20:32:00;2015-06-08 20:32:37;-23,609386;-46,586281;7300;2225;-32,765873;-46,659002;782;2565;4734;1443;E48519;TAM3960 ;291;538;127;P3IBIRAPUERA;DUO trigger code 1;http://fr24.com/TAM3960;http://www.flightstats.com/go/FlightStatus/flightStatusByFlight.do?flightNumber=TAM3960;http://flightaware.com/live/flight/TAM3960
2015-06-08 20:33:00;2015-06-08 20:33:00;2015-06-08 20:33:32;-23,654077;-46,700031;16450;5013;-43,765098;-46,659557;802;2631;13818;4211;E48853;GLO7662 ;321;594;238;P5IBIRAPUERA;DUO trigger code 6;http://fr24.com/GLO7662;http://www.flightstats.com/go/FlightStatus/flightStatusByFlight.do?flightNumber=GLO7662;http://flightaware.com/live/flight/GLO7662
2015-06-08 20:33:00;2015-06-08 20:33:00;2015-06-08 20:33:32;-23,654077;-46,700031;16450;5013;-32,543654;-46,659445;790;2591;13858;4223;E48853;GLO7662 ;321;594;238;P7IBIRAPUERA;DUO trigger code 4;http://fr24.com/GLO7662;http://www.flightstats.com/go/FlightStatus/flightStatusByFlight.do?flightNumber=GLO7662;http://flightaware.com/live/flight/GLO7662
2015-06-08 20:33:00;2015-06-08 20:33:00;2015-06-08 20:33:32;-23,654077;-46,700031;16450;5013;-32,543654;-46,659445;790;2591;13858;4223;E48853;GLO7662 ;321;594;238;P7IBIRAPUERA;DUO trigger code 4;http://fr24.com/GLO7662;http://www.flightstats.com/go/FlightStatus/flightStatusByFlight.do?flightNumber=GLO7662;http://flightaware.com/live/flight/GLO7662
2015-06-08 20:35:00;2015-06-08 20:35:21;2015-06-08 20:35:32;-23,615531;-46,663962;3050;929;-32,765873;-46,659002;782;2565;484;147;E48651;;145;268;328;P3IBIRAPUERA;DUO trigger code 1;;;
2015-06-08 20:36:00;2015-06-08 20:36:00;2015-06-08 20:36:35;-23,596491;-46,669559;4325;1318;-43,765098;-46,659557;802;2631;1693;516;E48651;ONE6016 ;198;366;42;P5IBIRAPUERA;DUO trigger code 6;http://fr24.com/ONE6016;http://www.flightstats.com/go/FlightStatus/flightStatusByFlight.do?flightNumber=ONE6016;http://flightaware.com/live/flight/ONE6016
2015-06-08 20:37:00;2015-06-08 20:37:00;2015-06-08 20:37:35;-23,606221;-46,590582;5925;1805;-43,765098;-46,659557;802;2631;3293;1003;E48651;ONE6016 ;269;498;110;P5IBIRAPUERA;DUO trigger code 6;http://fr24.com/ONE6016;http://www.flightstats.com/go/FlightStatus/flightStatusByFlight.do?flightNumber=ONE6016;http://flightaware.com/live/flight/ONE6016
2015-06-08 20:38:00;2015-06-08 20:38:00;2015-06-08 20:38:32;-23,606221;-46,590582;5925;1805;-32,543654;-46,659445;790;2591;3333;1015;E48651;ONE6016 ;269;498;110;P7IBIRAPUERA;DUO trigger code 4;http://fr24.com/ONE6016;http://www.flightstats.com/go/FlightStatus/flightStatusByFlight.do?flightNumber=ONE6016;http://flightaware.com/live/flight/ONE6016
2015-06-08 20:38:00;2015-06-08 20:38:00;2015-06-08 20:38:32;-23,606221;-46,590582;5925;1805;-32,543654;-46,659445;790;2591;3333;1015;E48651;ONE6016 ;269;498;110;P7IBIRAPUERA;DUO trigger code 4;http://fr24.com/ONE6016;http://www.flightstats.com/go/FlightStatus/flightStatusByFlight.do?flightNumber=ONE6016;http://flightaware.com/live/flight/ONE6016
2015-06-08 20:38:00;2015-06-08 20:38:00;2015-06-08 20:38:35;-23,606221;-46,590582;5925;1805;-32,765873;-46,659002;782;2565;3359;1023;E48651;ONE6016 ;269;498;110;P3IBIRAPUERA;DUO trigger code 1;http://fr24.com/ONE6016;http://www.flightstats.com/go/FlightStatus/flightStatusByFlight.do?flightNumber=ONE6016;http://flightaware.com/live/flight/ONE6016
2015-06-08 20:41:00;2015-06-08 20:41:00;2015-06-08 20:41:32;-23,600922;-46,686096;4350;1325;-32,765873;-46,659002;782;2565;1784;543;E4829E;TAM3774 ;156;288;279;P3IBIRAPUERA;DUO trigger code 1;http://fr24.com/TAM3774;http://www.flightstats.com/go/FlightStatus/flightStatusByFlight.do?flightNumber=TAM3774;http://flightaware.com/live/flight/TAM3774
2015-06-08 20:43:00;2015-06-08 20:43:00;2015-06-08 20:43:34;-23,629031;-46,782894;6700;2042;-32,543654;-46,659445;790;2591;4108;1252;E4829E;TAM3774 ;156;288;279;P7IBIRAPUERA;DUO trigger code 4;http://fr24.com/TAM3774;http://www.flightstats.com/go/FlightStatus/flightStatusByFlight.do?flightNumber=TAM3774;http://flightaware.com/live/flight/TAM3774
2015-06-08 20:43:00;2015-06-08 20:43:00;2015-06-08 20:43:34;-23,629031;-46,782894;6700;2042;-32,543654;-46,659445;790;2591;4108;1252;E4829E;TAM3774 ;156;288;279;P7IBIRAPUERA;DUO trigger code 4;http://fr24.com/TAM3774;http://www.flightstats.com/go/FlightStatus/flightStatusByFlight.do?flightNumber=TAM3774;http://flightaware.com/live/flight/TAM3774
2015-06-08 20:46:00;2015-06-08 20:46:00;2015-06-08 20:46:32;-23,60321;-46,564687;11900;3627;-32,765873;-46,659002;782;2565;9334;2845;E480F9;TAM8128 ;259;479;232;P3IBIRAPUERA;DUO trigger code 1;http://fr24.com/TAM8128;http://www.flightstats.com/go/FlightStatus/flightStatusByFlight.do?flightNumber=TAM8128;http://flightaware.com/live/flight/TAM8128
2015-06-08 20:49:00;2015-06-08 20:49:28;2015-06-08 20:49:34;-23,617584;-46,66275;3075;937;-43,765098;-46,659557;802;2631;444;135;E48F12;TAM3105 ;147;272;328;P5IBIRAPUERA;DUO trigger code 6;http://fr24.com/TAM3105;http://www.flightstats.com/go/FlightStatus/flightStatusByFlight.do?flightNumber=TAM3105;http://flightaware.com/live/flight/TAM3105
2015-06-08 20:50:00;2015-06-08 20:50:29;2015-06-08 20:50:31;-23,621384;-46,660105;2925;891;-43,765098;-46,659557;802;2631;294;89;E48BB1;;135;250;328;P5IBIRAPUERA;DUO trigger code 6;;;
2015-06-08 20:51:00;2015-06-08 20:51:00;2015-06-08 20:51:34;-23,607971;-46,668396;4350;1325;-32,765873;-46,659002;782;2565;1784;543;E48BB1;;139;257;341;P3IBIRAPUERA;DUO trigger code 1;;;
2015-06-08 20:52:00;2015-06-08 20:52:00;2015-06-08 20:52:31;-23,584122;-46,622264;5950;1813;-32,765873;-46,659002;782;2565;3384;1031;E48BB1;ONE6032 ;270;500;111;P3IBIRAPUERA;DUO trigger code 1;http://fr24.com/ONE6032;http://www.flightstats.com/go/FlightStatus/flightStatusByFlight.do?flightNumber=ONE6032;http://flightaware.com/live/flight/ONE6032
2015-06-08 20:54:00;2015-06-08 20:54:00;2015-06-08 20:54:34;-23,604446;-46,669718;4700;1432;-32,543654;-46,659445;790;2591;2108;642;E48FC1;ONE6074 ;147;272;9;P7IBIRAPUERA;DUO trigger code 4;http://fr24.com/ONE6074;http://www.flightstats.com/go/FlightStatus/flightStatusByFlight.do?flightNumber=ONE6074;http://flightaware.com/live/flight/ONE6074
2015-06-08 20:54:00;2015-06-08 20:54:00;2015-06-08 20:54:34;-23,604446;-46,669718;4700;1432;-32,543654;-46,659445;790;2591;2108;642;E48FC1;ONE6074 ;147;272;9;P7IBIRAPUERA;DUO trigger code 4;http://fr24.com/ONE6074;http://www.flightstats.com/go/FlightStatus/flightStatusByFlight.do?flightNumber=ONE6074;http://flightaware.com/live/flight/ONE6074
2015-06-08 21:01:00;2015-06-08 21:01:00;2015-06-08 21:01:32;-23,610178;-46,667538;3900;1188;-32,543654;-46,659445;790;2591;1308;398;E484FA;;154;285;332;P7IBIRAPUERA;DUO trigger code 4;;;
2015-06-08 21:01:00;2015-06-08 21:01:00;2015-06-08 21:01:32;-23,610178;-46,667538;3900;1188;-32,543654;-46,659445;790;2591;1308;398;E484FA;;154;285;332;P7IBIRAPUERA;DUO trigger code 4;;;
2015-06-08 21:02:00;2015-06-08 21:02:00;2015-06-08 21:02:34;-23,610178;-46,667538;4325;1318;-32,765873;-46,659002;782;2565;1759;536;E484FA;;167;309;330;P3IBIRAPUERA;DUO trigger code 1;;;
2015-06-08 21:03:00;2015-06-08 21:03:00;2015-06-08 21:03:32;-23,641554;-46,669611;17200;5242;-43,765098;-46,659557;802;2631;14568;4440;E47F50;;324;600;222;P5IBIRAPUERA;DUO trigger code 6;;;
2015-06-08 21:09:00;2015-06-08 21:09:00;2015-06-08 21:09:32;-23,596619;-46,698303;5025;1531;-32,765873;-46,659002;782;2565;2459;749;E48199;TAM3736 ;176;325;286;P3IBIRAPUERA;DUO trigger code 1;http://fr24.com/TAM3736;http://www.flightstats.com/go/FlightStatus/flightStatusByFlight.do?flightNumber=TAM3736;http://flightaware.com/live/flight/TAM3736
2015-06-08 21:11:00;2015-06-08 21:11:00;2015-06-08 21:11:32;-23,606461;-46,670329;4325;1318;-43,765098;-46,659557;802;2631;1693;516;E48FB5;GLO1422 ;168;311;328;P5IBIRAPUERA;DUO trigger code 6;http://fr24.com/GLO1422;http://www.flightstats.com/go/FlightStatus/flightStatusByFlight.do?flightNumber=GLO1422;http://flightaware.com/live/flight/GLO1422
2015-06-08 21:13:00;2015-06-08 21:13:00;2015-06-08 21:13:34;-23,606781;-46,671041;4525;1379;-32,543654;-46,659445;790;2591;1933;589;E48AD4;TAM3049 ;136;251;302;P7IBIRAPUERA;DUO trigger code 4;http://fr24.com/TAM3049;http://www.flightstats.com/go/FlightStatus/flightStatusByFlight.do?flightNumber=TAM3049;http://flightaware.com/live/flight/TAM3049
2015-06-08 21:13:00;2015-06-08 21:13:00;2015-06-08 21:13:34;-23,606781;-46,671041;4525;1379;-32,543654;-46,659445;790;2591;1933;589;E48AD4;TAM3049 ;136;251;302;P7IBIRAPUERA;DUO trigger code 4;http://fr24.com/TAM3049;http://www.flightstats.com/go/FlightStatus/flightStatusByFlight.do?flightNumber=TAM3049;http://flightaware.com/live/flight/TAM3049
2015-06-08 21:13:00;2015-06-08 21:13:00;2015-06-08 21:13:32;-23,606781;-46,671041;4525;1379;-32,765873;-46,659002;782;2565;1959;597;E48AD4;TAM3049 ;136;251;302;P3IBIRAPUERA;DUO trigger code 1;http://fr24.com/TAM3049;http://www.flightstats.com/go/FlightStatus/flightStatusByFlight.do?flightNumber=TAM3049;http://flightaware.com/live/flight/TAM3049
2015-06-08 21:16:00;2015-06-08 21:16:00;2015-06-08 21:16:32;-23,615204;-46,728465;11000;3352;-32,543654;-46,659445;790;2591;8408;2562;E48E3C;AZU5036 ;163;301;281;P7IBIRAPUERA;DUO trigger code 4;http://fr24.com/AZU5036;http://www.flightstats.com/go/FlightStatus/flightStatusByFlight.do?flightNumber=AZU5036;http://flightaware.com/live/flight/AZU5036
2015-06-08 21:16:00;2015-06-08 21:16:00;2015-06-08 21:16:32;-23,615204;-46,728465;11000;3352;-32,543654;-46,659445;790;2591;8408;2562;E48E3C;AZU5036 ;163;301;281;P7IBIRAPUERA;DUO trigger code 4;http://fr24.com/AZU5036;http://www.flightstats.com/go/FlightStatus/flightStatusByFlight.do?flightNumber=AZU5036;http://flightaware.com/live/flight/AZU5036
2015-06-08 21:21:00;2015-06-08 21:21:00;2015-06-08 21:21:34;-23,611295;-46,667123;3750;1143;-32,765873;-46,659002;782;2565;1184;361;E48168;;162;300;329;P3IBIRAPUERA;DUO trigger code 1;;;
2015-06-08 21:22:00;2015-06-08 21:22:00;2015-06-08 21:22:32;-23,579639;-46,627428;5675;1729;-43,765098;-46,659557;802;2631;3043;927;E48168;GOL1228 ;282;522;116;P5IBIRAPUERA;DUO trigger code 6;http://fr24.com/GOL1228;http://www.flightstats.com/go/FlightStatus/flightStatusByFlight.do?flightNumber=GOL1228;http://flightaware.com/live/flight/GOL1228
2015-06-08 21:22:00;2015-06-08 21:22:00;2015-06-08 21:22:31;-23,579639;-46,627428;5675;1729;-32,543654;-46,659445;790;2591;3083;939;E48168;GOL1228 ;282;522;116;P7IBIRAPUERA;DUO trigger code 4;http://fr24.com/GOL1228;http://www.flightstats.com/go/FlightStatus/flightStatusByFlight.do?flightNumber=GOL1228;http://flightaware.com/live/flight/GOL1228
2015-06-08 21:22:00;2015-06-08 21:22:00;2015-06-08 21:22:31;-23,579639;-46,627428;5675;1729;-32,543654;-46,659445;790;2591;3083;939;E48168;GOL1228 ;282;522;116;P7IBIRAPUERA;DUO trigger code 4;http://fr24.com/GOL1228;http://www.flightstats.com/go/FlightStatus/flightStatusByFlight.do?flightNumber=GOL1228;http://flightaware.com/live/flight/GOL1228
2015-06-08 21:23:00;2015-06-08 21:23:00;2015-06-08 21:23:32;-23,603428;-46,604574;5925;1805;-32,543654;-46,659445;790;2591;3333;1015;E48168;GOL1228 ;287;531;150;P7IBIRAPUERA;DUO trigger code 4;http://fr24.com/GOL1228;http://www.flightstats.com/go/FlightStatus/flightStatusByFlight.do?flightNumber=GOL1228;http://flightaware.com/live/flight/GOL1228
2015-06-08 21:23:00;2015-06-08 21:23:00;2015-06-08 21:23:32;-23,603428;-46,604574;5925;1805;-32,543654;-46,659445;790;2591;3333;1015;E48168;GOL1228 ;287;531;150;P7IBIRAPUERA;DUO trigger code 4;http://fr24.com/GOL1228;http://www.flightstats.com/go/FlightStatus/flightStatusByFlight.do?flightNumber=GOL1228;http://flightaware.com/live/flight/GOL1228
2015-06-08 21:26:00;2015-06-08 21:26:01;2015-06-08 21:26:34;-23,605087;-46,671855;3900;1188;-32,543654;-46,659445;790;2591;1308;398;E48135;TAM3300 ;171;316;318;P7IBIRAPUERA;DUO trigger code 4;http://fr24.com/TAM3300;http://www.flightstats.com/go/FlightStatus/flightStatusByFlight.do?flightNumber=TAM3300;http://flightaware.com/live/flight/TAM3300
2015-06-08 21:26:00;2015-06-08 21:26:01;2015-06-08 21:26:34;-23,605087;-46,671855;3900;1188;-32,543654;-46,659445;790;2591;1308;398;E48135;TAM3300 ;171;316;318;P7IBIRAPUERA;DUO trigger code 4;http://fr24.com/TAM3300;http://www.flightstats.com/go/FlightStatus/flightStatusByFlight.do?flightNumber=TAM3300;http://flightaware.com/live/flight/TAM3300
2015-06-08 21:26:00;2015-06-08 21:26:01;2015-06-08 21:26:34;-23,605087;-46,671855;3900;1188;-32,765873;-46,659002;782;2565;1334;406;E48135;TAM3300 ;171;316;318;P3IBIRAPUERA;DUO trigger code 1;http://fr24.com/TAM3300;http://www.flightstats.com/go/FlightStatus/flightStatusByFlight.do?flightNumber=TAM3300;http://flightaware.com/live/flight/TAM3300
2015-06-08 21:27:00;2015-06-08 21:27:00;2015-06-08 21:27:33;-23,596817;-46,68552;4375;1333;-32,543654;-46,659445;790;2591;1783;543;E48135;TAM3300 ;171;316;318;P7IBIRAPUERA;DUO trigger code 4;http://fr24.com/TAM3300;http://www.flightstats.com/go/FlightStatus/flightStatusByFlight.do?flightNumber=TAM3300;http://flightaware.com/live/flight/TAM3300
2015-06-08 21:27:00;2015-06-08 21:27:00;2015-06-08 21:27:33;-23,596817;-46,68552;4375;1333;-32,543654;-46,659445;790;2591;1783;543;E48135;TAM3300 ;171;316;318;P7IBIRAPUERA;DUO trigger code 4;http://fr24.com/TAM3300;http://www.flightstats.com/go/FlightStatus/flightStatusByFlight.do?flightNumber=TAM3300;http://flightaware.com/live/flight/TAM3300
2015-06-08 21:28:00;2015-06-08 21:28:07;2015-06-08 21:28:31;-23,596817;-46,68552;6725;2049;-43,765098;-46,659557;802;2631;4093;1247;E48135;TAM3300 ;171;316;318;P5IBIRAPUERA;DUO trigger code 6;http://fr24.com/TAM3300;http://www.flightstats.com/go/FlightStatus/flightStatusByFlight.do?flightNumber=TAM3300;http://flightaware.com/live/flight/TAM3300
2015-06-08 21:30:00;2015-06-08 21:30:00;2015-06-08 21:30:31;-23,540303;-46,57018;10825;3299;-32,765873;-46,659002;782;2565;8259;2517;E48BB2;ONE6318 ;287;531;131;P3IBIRAPUERA;DUO trigger code 1;http://fr24.com/ONE6318;http://www.flightstats.com/go/FlightStatus/flightStatusByFlight.do?flightNumber=ONE6318;http://flightaware.com/live/flight/ONE6318
2015-06-08 21:31:00;2015-06-08 21:31:00;2015-06-08 21:31:32;-23,604172;-46,556549;12650;3855;-32,765873;-46,659002;782;2565;10084;3073;E48BB2;ONE6318 ;275;509;216;P3IBIRAPUERA;DUO trigger code 1;http://fr24.com/ONE6318;http://www.flightstats.com/go/FlightStatus/flightStatusByFlight.do?flightNumber=ONE6318;http://flightaware.com/live/flight/ONE6318
2015-06-08 21:32:00;2015-06-08 21:32:01;2015-06-08 21:32:34;-23,669765;-46,625562;13700;4175;-43,765098;-46,659557;802;2631;11068;3373;E48BB2;ONE6318 ;340;629;226;P5IBIRAPUERA;DUO trigger code 6;http://fr24.com/ONE6318;http://www.flightstats.com/go/FlightStatus/flightStatusByFlight.do?flightNumber=ONE6318;http://flightaware.com/live/flight/ONE6318
2015-06-08 21:32:00;2015-06-08 21:32:01;2015-06-08 21:32:33;-23,669765;-46,625562;13700;4175;-32,543654;-46,659445;790;2591;11108;3385;E48BB2;ONE6318 ;340;629;226;P7IBIRAPUERA;DUO trigger code 4;http://fr24.com/ONE6318;http://www.flightstats.com/go/FlightStatus/flightStatusByFlight.do?flightNumber=ONE6318;http://flightaware.com/live/flight/ONE6318
2015-06-08 21:32:00;2015-06-08 21:32:01;2015-06-08 21:32:33;-23,669765;-46,625562;13700;4175;-32,543654;-46,659445;790;2591;11108;3385;E48BB2;ONE6318 ;340;629;226;P7IBIRAPUERA;DUO trigger code 4;http://fr24.com/ONE6318;http://www.flightstats.com/go/FlightStatus/flightStatusByFlight.do?flightNumber=ONE6318;http://flightaware.com/live/flight/ONE6318
2015-06-08 21:33:00;2015-06-08 21:33:00;2015-06-08 21:33:33;-23,706665;-46,666412;15125;4610;-43,765098;-46,659557;802;2631;12493;3808;E48BB2;ONE6318 ;345;638;226;P5IBIRAPUERA;DUO trigger code 6;http://fr24.com/ONE6318;http://www.flightstats.com/go/FlightStatus/flightStatusByFlight.do?flightNumber=ONE6318;http://flightaware.com/live/flight/ONE6318
2015-06-08 21:34:00;2015-06-08 21:34:00;2015-06-08 21:34:34;-23,706665;-46,666412;16175;4930;-32,765873;-46,659002;782;2565;13609;4148;E48BB2;ONE6318 ;345;638;226;P3IBIRAPUERA;DUO trigger code 1;http://fr24.com/ONE6318;http://www.flightstats.com/go/FlightStatus/flightStatusByFlight.do?flightNumber=ONE6318;http://flightaware.com/live/flight/ONE6318
2015-06-08 21:40:00;2015-06-08 21:40:01;2015-06-08 21:40:34;-23,584305;-46,54719;16700;5090;-32,543654;-46,659445;790;2591;14108;4300;E482C0;GLO1272 ;245;453;218;P7IBIRAPUERA;DUO trigger code 4;http://fr24.com/GLO1272;http://www.flightstats.com/go/FlightStatus/flightStatusByFlight.do?flightNumber=GLO1272;http://flightaware.com/live/flight/GLO1272
2015-06-08 21:40:00;2015-06-08 21:40:01;2015-06-08 21:40:34;-23,584305;-46,54719;16700;5090;-32,543654;-46,659445;790;2591;14108;4300;E482C0;GLO1272 ;245;453;218;P7IBIRAPUERA;DUO trigger code 4;http://fr24.com/GLO1272;http://www.flightstats.com/go/FlightStatus/flightStatusByFlight.do?flightNumber=GLO1272;http://flightaware.com/live/flight/GLO1272
2015-06-08 21:40:00;2015-06-08 21:40:01;2015-06-08 21:40:33;-23,584305;-46,54719;16700;5090;-32,765873;-46,659002;782;2565;14134;4308;E482C0;GLO1272 ;245;453;218;P3IBIRAPUERA;DUO trigger code 1;http://fr24.com/GLO1272;http://www.flightstats.com/go/FlightStatus/flightStatusByFlight.do?flightNumber=GLO1272;http://flightaware.com/live/flight/GLO1272
2015-06-08 21:41:00;2015-06-08 21:41:18;2015-06-08 21:41:34;-23,53197;-46,588491;9750;2971;-32,543654;-46,659445;790;2591;7158;2181;E47F4A;;303;561;135;P7IBIRAPUERA;DUO trigger code 4;;;
2015-06-08 21:41:00;2015-06-08 21:41:18;2015-06-08 21:41:34;-23,53197;-46,588491;9750;2971;-32,543654;-46,659445;790;2591;7158;2181;E47F4A;;303;561;135;P7IBIRAPUERA;DUO trigger code 4;;;
2015-06-08 21:46:00;2015-06-08 21:46:26;2015-06-08 21:46:34;-23,519302;-46,579484;9425;2872;-43,765098;-46,659557;802;2631;6793;2070;8963C7;;285;527;126;P5IBIRAPUERA;DUO trigger code 6;;;
2015-06-08 21:47:00;2015-06-08 21:47:00;2015-06-08 21:47:34;-23,551987;-46,550731;10425;3177;-43,765098;-46,659557;802;2631;7793;2375;8963C7;ETD190  ;280;518;154;P5IBIRAPUERA;DUO trigger code 6;http://fr24.com/ETD190;http://www.flightstats.com/go/FlightStatus/flightStatusByFlight.do?flightNumber=ETD190;http://flightaware.com/live/flight/ETD190
2015-06-08 21:48:00;2015-06-08 21:48:00;2015-06-08 21:48:34;-23,60289;-46,583354;11825;3604;-32,543654;-46,659445;790;2591;9233;2814;8963C7;ETD190  ;246;455;251;P7IBIRAPUERA;DUO trigger code 4;http://fr24.com/ETD190;http://www.flightstats.com/go/FlightStatus/flightStatusByFlight.do?flightNumber=ETD190;http://flightaware.com/live/flight/ETD190
2015-06-08 21:48:00;2015-06-08 21:48:00;2015-06-08 21:48:34;-23,60289;-46,583354;11825;3604;-32,543654;-46,659445;790;2591;9233;2814;8963C7;ETD190  ;246;455;251;P7IBIRAPUERA;DUO trigger code 4;http://fr24.com/ETD190;http://www.flightstats.com/go/FlightStatus/flightStatusByFlight.do?flightNumber=ETD190;http://flightaware.com/live/flight/ETD190
2015-06-08 21:48:00;2015-06-08 21:48:00;2015-06-08 21:48:34;-23,60289;-46,583354;11825;3604;-32,765873;-46,659002;782;2565;9259;2822;8963C7;ETD190  ;246;455;251;P3IBIRAPUERA;DUO trigger code 1;http://fr24.com/ETD190;http://www.flightstats.com/go/FlightStatus/flightStatusByFlight.do?flightNumber=ETD190;http://flightaware.com/live/flight/ETD190
2015-06-08 21:49:00;2015-06-08 21:49:00;2015-06-08 21:49:34;-23,635025;-46,664429;13025;3970;-32,765873;-46,659002;782;2565;10459;3188;8963C7;ETD190  ;305;564;235;P3IBIRAPUERA;DUO trigger code 1;http://fr24.com/ETD190;http://www.flightstats.com/go/FlightStatus/flightStatusByFlight.do?flightNumber=ETD190;http://flightaware.com/live/flight/ETD190
2015-06-08 21:54:00;2015-06-08 21:54:00;2015-06-08 21:54:34;-23,585133;-46,67158;7575;2308;-43,765098;-46,659557;802;2631;4943;1506;E48010;;308;570;219;P5IBIRAPUERA;DUO trigger code 6;;;
2015-06-08 21:56:00;2015-06-08 21:56:00;2015-06-08 21:56:34;-23,547501;-46,671549;11475;3497;-32,765873;-46,659002;782;2565;8909;2715;E48CDF;9796    ;138;255;292;P3IBIRAPUERA;DUO trigger code 1;http://fr24.com/9796;http://www.flightstats.com/go/FlightStatus/flightStatusByFlight.do?flightNumber=9796;http://flightaware.com/live/flight/9796
2015-06-08 22:11:00;2015-06-08 22:11:23;2015-06-08 22:11:32;-23,582703;-46,549784;9400;2865;-43,765098;-46,659557;802;2631;6768;2063;AA37CE;AAL216  ;229;424;206;P5IBIRAPUERA;DUO trigger code 6;http://fr24.com/AAL216;http://www.flightstats.com/go/FlightStatus/flightStatusByFlight.do?flightNumber=AAL216;http://flightaware.com/live/flight/AAL216
2015-06-08 22:13:00;2015-06-08 22:13:00;2015-06-08 22:13:32;-23,594559;-46,657867;10650;3246;-32,765873;-46,659002;782;2565;8084;2464;AA37CE;AAL216  ;279;516;278;P3IBIRAPUERA;DUO trigger code 1;http://fr24.com/AAL216;http://www.flightstats.com/go/FlightStatus/flightStatusByFlight.do?flightNumber=AAL216;http://flightaware.com/live/flight/AAL216
2015-06-08 22:17:00;2015-06-08 22:17:00;2015-06-08 22:17:34;-23,560913;-46,609497;6700;2042;-32,543654;-46,659445;790;2591;4108;1252;E48C22;;191;353;212;P7IBIRAPUERA;DUO trigger code 4;;;
2015-06-08 22:17:00;2015-06-08 22:17:00;2015-06-08 22:17:34;-23,560913;-46,609497;6700;2042;-32,543654;-46,659445;790;2591;4108;1252;E48C22;;191;353;212;P7IBIRAPUERA;DUO trigger code 4;;;
2015-06-08 22:19:00;2015-06-08 22:19:00;2015-06-08 22:19:32;-23,597397;-46,676432;8300;2529;-32,543654;-46,659445;790;2591;5708;1739;E48C22;2372    ;156;288;276;P7IBIRAPUERA;DUO trigger code 4;http://fr24.com/2372;http://www.flightstats.com/go/FlightStatus/flightStatusByFlight.do?flightNumber=2372;http://flightaware.com/live/flight/2372
2015-06-08 22:19:00;2015-06-08 22:19:00;2015-06-08 22:19:32;-23,597397;-46,676432;8300;2529;-32,543654;-46,659445;790;2591;5708;1739;E48C22;2372    ;156;288;276;P7IBIRAPUERA;DUO trigger code 4;http://fr24.com/2372;http://www.flightstats.com/go/FlightStatus/flightStatusByFlight.do?flightNumber=2372;http://flightaware.com/live/flight/2372
